Name,Description,Stereotype,Is Physical,ID,Category,Source,Owner,Standards Class,Standard Creation Date,Last Standard Review Date,Next Standard Review Date,Used by Role,Supports Function,Realizes IS Service,Supports Processes,Related EBPs,Is Supported By Logical TC,Realized By General Component,Hosted at Location,Is Supported By,Interacts with,Source Data Flow,Target Data Flows,Encapsulates Logical Data Components,Is used by Entities,Encapsulates Physical Data Components,Is realized by,Realizes,Vendor,In Category,Sub Category,Application Interface,Interface Definition,Relates from Migrations,Relates to Migrations,In Service Date,Effective Date,Perpetual License Cost,Yearly Maintenance Cost,Yearly Rental Cost,Build Cost,Cost Center,Rank,Guided by Principles,Constrained by Constraints,Based on Assumptions,Applicable Standards,Gaps to satisy,Work Packages Planned,PhysPartOf,PhysComprises,LogPartOf,LogComprises,Is Implemented By,Deployed As,Roadmap Group,Roadmap Events,Pre-First Milestone Color,Definition Type,Disaster Recovery Capability,Support Status,Action Required,Application Ranking,Total Cost of Ownership,Total Cost of Ownership (NPV),Over Number of Years,Annual Discount Rate (percent),Average Cost (NPV) per Logical Application Component,Aggregated Total Cost of Ownership,Average Cost per Supported IS Service,OSLCLink,Reference Documents,Initial Date,Last Change Date,Initial Time,Last Change Time,Initial Audit,Last Change Audit,GUID
A/L Reporter,,Application Component Depiction,T,,,,,,,,,,,,,,,,Dallas,,,,,,,,,"""Financial Business Unit Reporting""",,,,,,,,,,,,,,,,,,,,,,,,,,,,,,,Application Component,No info,unknown,,Keep,,,,,,,,,,5/12/2014,5/12/2014,10:24:49 PM,10:53:18 PM,LouV,LouV,5c5029e5-c2f5-4c4d-826f-09cc844c10f7
ABS,,Application Component Depiction,T,,,,,,,,,,,,,,,,Dallas,,,,,,,,,"""Loan Processing""",,,,,,,,,,,,,,,,,,,,,,,,,,,,,,,Application Component,No info,unknown,,Retire,,,,,,,,,,5/12/2014,5/14/2014,10:18:25 PM,6:50:52 PM,LouV,LouV,2fa5a290-8fed-418e-b44a-277892535749
AccMan,Account Management app,Application Component Depiction,T,,Heritage,,JK Holdings,,,,,,,"""Archive Account""",,,,,"""Hong Kong""","""Thin Client""

""Authentication / Single Sign-on (SSO)""","""Credit Management Service Manager""
""Chief Executive Officer""
""Chief Financial Officer""
""Chief Information Officer""
""Product Manager""
",,,,"""JK Enterprises"".Customer
""JK Enterprises"".Order
""Enterprise Data Management"".Ordering
""Enterprise Data Management"".""Point of Sale Processing""
",,,,"""Delat Accounts""",,,"AMDOCS
",,,,12/31/2009,12/31/2015,1650,5060,0,11874,Accounts,,,,,,,,,,,,,,,,,Application Component,"Full DR, tested",Due for upgrade,,Enhance,,,,,,,,,,1/26/2010,4/23/2014,5:12:15 PM,12:20:16 PM,SAXTUSR,LouV,58fe2a90-6967-4ba3-9a57-025b81650ed1
Active Risk Manager,Pro Active and Pre-Emptive Comprehensive Risk Management Solution,Application Component Depiction,T,,Heritage,,JK Holdings,,,,,"""Business Development Manager""
""Credit Controller""
""Risk Manager""
""Cross Services Manager""",,"""Initiate Risk Management Procedures""
""Assess Risk""
",,,,,"""Hong Kong""","""Authentication / Single Sign-on (SSO)""
""Certificates / Digital Signature""
Linux
""MS SQL Server""
""SQL Server""
",,,,,"""JK Enterprises"".Customer
""JK Enterprises"".Transaction
",,,,Inhouse,,,"""Active Risk Manager""
Albany
SmarterCommerce
""Websphere Customer Center""
",,,,12/31/2009,12/31/2013,10206,1265,0,1965,"""Commercial Management""",,,,,,,,,,,,,,,,,Application Component,"Full DR, tested",Next supported version,,Keep,,,,,,,,,,1/26/2010,4/23/2014,5:10:25 PM,1:43:27 PM,SAXTUSR,LouV,5a65312f-e16f-43d9-b957-efc645988fba
AMDOCS,Leading provider of Business Support Systems,Application Component Depiction,T,,Heritage,,JK Holdings,,,,,"""Document Manager""",,"""Archive Account""",,,,,"""Hong Kong""","""AT&T NetClient""
""Cisco Access Points""
""Customer Information Control System""
""Desk Top""
Eclipse
FireFox
""Internet Explorer""
""Windows 2000""
""Windows Vista""
""Windows XP""
""Thin Client""
","""Credit Management Service Manager""
",,,,"""JK Enterprises"".""Contact History""
""JK Enterprises"".""Contact Record""
""JK Enterprises"".Customer
""Enterprise Data Management"".""Customer Relationship Management""
""Enterprise Data Management"".""Point of Sale Processing""
",,,,eDocs,,,"AccMan
SAP
",,,,,,18800,4699,0,2600,,,,,,,,,,,,,,,,,,Application Component,"Full DR, tested",Next supported version,,Enhance,,,,,,,,,,1/26/2010,4/23/2014,5:07:31 PM,2:33:04 PM,SAXTUSR,LouV,514bdf06-6b10-41c3-a5a1-238f6421cfff
Appia FIX Interface & Router,Data flow interfacing and router application,Application Component Depiction,T,,Tactical,,JK USA,,,,,,,,,,,,"""New York""","Linux
""SQL Server""
VSAM
Oracle
Sybase",,,,,,,,,Inhouse,,,,,,,5/6/2010,9/27/2011,4300,900,0,500,,,,,,,,,,,,,,,,,,Application Component,"Full DR, tested",Due for upgrade,,Enhance,,,,,,,,,,12/10/2010,4/23/2014,8:59:49 AM,2:30:19 PM,SAXTUSR,LouV,9465d7c0-7a18-4b11-b6fe-93b8d3c246e2
Atlas,Worldwide Execution processing system,Application Component Depiction,T,,Tactical,,JK Aus,,,,,"""Financial Advisor""
""Document Manager""",,,,,,,"""New York""","""ASP.NET""
Linux
""SQL Server""
VSAM
Oracle
Sybase
CVS
Java
""Thin Client""
",,,,,,,,,Zeus,,,,,,,6/5/2010,8/11/2013,3700,1800,0,1100,,,,,,,,,,,,,,,,,,Application Component,"Full DR, tested",Next supported version,,Enhance,,,,,,,,,,12/10/2010,4/23/2014,8:57:54 AM,2:30:17 PM,SAXTUSR,LouV,65c290cd-38b0-427a-b9cd-c77d1233dbc1
AutoFit,Infrastructure data management,Application Component Depiction,T,,Tactical,,JK USA,,,,,,,,,,,,Dallas,"""C#""

Linux
""SQL Server""
VSAM
Oracle
Sybase
C#
C#",,,,,,,,,Inhouse,,,,,,,4/15/2010,9/9/2012,4000,5000,0,2300,,,,,,,,,,,,,,,,,,Application Component,"Full DR, tested",Due for upgrade,,Keep,,,,,,,,,,12/10/2010,4/23/2014,8:59:04 AM,1:44:31 PM,SAXTUSR,LouV,c8171416-be75-4cd8-b19c-67e948547cf1
AutoMarking,Automatically marks postions of trades,Application Component Depiction,T,,Tactical,,JK USA,,,,,,,,,,,,"""New York""","""C#/.NET""

Linux
""SQL Server""
VSAM
Oracle
Sybase",,,,,,,,,Azereus,,,,,,,11/5/2009,11/27/2011,7800,3700,0,400,,,,,,,,,,,,,,,,,,Application Component,"Full DR, tested",Due for upgrade,,Keep,,,,,,,,,,12/10/2010,4/23/2014,9:00:11 AM,2:30:17 PM,SAXTUSR,LouV,3f296bd9-a5cf-4756-84ae-310428de5478
BANC Mall,,Application Component Depiction,T,,,,,,,,,,,,,,,,"""New York""",,,,,,,,,"""Loan Processing""",,,,,,,,,,,,,,,,,,,,,,,,,,,,,,,Application Component,No info,unknown,,Upgrade/Replace,,,,,,,,,,5/12/2014,5/14/2014,10:18:35 PM,6:50:40 PM,LouV,LouV,4a7f23d7-6789-48fe-b546-c22439542e23
Basket Manager,Manages baskets of trades,Application Component Depiction,T,,Strategic,,JK Holdings,,,,,,,,,,,,"""New York""","""Java""

Linux
""SQL Server""
VSAM
Oracle
Sybase
Java
Java
Java
Java
Java
Java
""Dynamic / Server-Side Display""",,,,,"""JK Enterprises"".""Contact Record""
""JK Enterprises"".""Control Transaction""
""JK Enterprises"".Customer
""JK Enterprises"".""Financial Product""
""Enterprise Data Management"".""Merchandise Flow Management""
""JK Enterprises"".Order
""JK Enterprises"".Transaction
",,,,Inhouse,,,,,,,10/27/2004,5/31/2016,32400,4900,0,2100,,,,,,,,,,,,,,,,,,Application Component,No DR,Due for upgrade,,Keep,,,,,,,,,,12/10/2010,4/23/2014,8:59:09 AM,1:45:07 PM,SAXTUSR,LouV,9508201f-dae3-4ad9-ba2a-690e43098fbc
Best Execution Evidencing System,Demonstrates execution of trade was performed in line with business conduct guidelines,Application Component Depiction,T,,Strategic,,JK Holdings,,,,,,,,,,,,"""San Francisco""","""unix shell""
""Java""

Linux
""SQL Server""
VSAM
Oracle
Sybase
Java
Java
Java
Java
Java
Java
""Dynamic / Server-Side Display""",,,,,"""JK Enterprises"".""Legal Compliance""
",,,,Inhouse,,,,,,,2/13/2004,10/17/2012,7400,2700,0,400,,,,,,,,,,,,,,,,,,Application Component,"Full DR, tested",Next supported version,,Enhance,,,,,,,,,,12/16/2010,4/23/2014,9:25:35 AM,1:45:28 PM,SAXTUSR,LouV,a22a7c54-47f7-4683-8605-f22bed7dfe06
Blue Messenger,,Application Component Depiction,T,,,,,,,,,,,,,,,,Dallas,,,,,,,,,"""Customer Problem Management""",,,,,,,,,,,,,,,,,,,,,,,,,,,,,,,Application Component,No info,unknown,,Keep,,,,,,,,,,5/12/2014,5/12/2014,10:16:11 PM,10:36:52 PM,LouV,LouV,74f2c91f-8503-487a-a091-19646f34552f
Branch,,Application Component Depiction,T,,,,,,,,,,,,,,,,"""New York""",,,,,,,,,"""Direct Sales Force""",,,,,,,,,,,,,,,,,,,,,,,,,,,,,,,Application Component,No info,unknown,,Keep,,,,,,,,,,5/12/2014,5/12/2014,10:26:35 PM,10:55:41 PM,LouV,LouV,f62524cc-f4ae-4621-8bee-b3115f008981
BroadcastByPhone,,Application Component Depiction,T,,,,,,,,,,,,,,,,"""San Francisco""",,,,,,,,,"""Customer Problem Management""",,,,,,,,,,,,,,,,,,,,,,,,,,,,,,,Application Component,No info,unknown,,Keep,,,,,,,,,,5/12/2014,5/12/2014,10:17:05 PM,10:36:52 PM,LouV,LouV,db52a1d8-66ea-431a-8920-57045d17a592
BWL,Best Witness Leverage of insight into market data,Application Component Depiction,T,,Strategic,,JK Holdings,,,,,,,,,,,,Dallas,"""VBA""

Linux
""SQL Server""
VSAM
Oracle
Sybase
VBA
VBA
VBA
VBA",,,,,,,,,BWL,,,,,,,11/2/2004,2/6/2014,5100,1000,0,2800,,,,,,,,,,,,,,,,,,Application Component,No DR,Due for upgrade,,Keep,,,,,,,,,,12/10/2010,4/23/2014,8:59:14 AM,1:44:54 PM,SAXTUSR,LouV,d377574f-ce7b-4e00-8a71-cc0c19242956
Callview 360,,Application Component Depiction,T,,,,,,,,,,,,,,,,Dallas,,,,,,,,,"""Customer Problem Management""",,,,,,,,,,,,,,,,,,,,,,,,,,,,,,,Application Component,No info,unknown,,Keep,,,,,,,,,,5/12/2014,5/12/2014,10:16:38 PM,10:36:53 PM,LouV,LouV,2d9931af-29e7-4dd2-921d-d980ea1c83c6
Canopus EpaySuite,,Application Component Depiction,T,,,,,,,,,,,,,,,,Dallas,,,,,,,,,"""General Ledger Account Reconciliation""",,,,,,,,,,,,,,,,,,,,,,,,,,,,,,,Application Component,No info,unknown,,Upgrade/Replace,,,,,,,,,,5/12/2014,5/14/2014,10:06:45 PM,12:18:37 PM,LouV,LouV,f6cfd8ef-852d-43af-adf0-9fd60f9c397e
CAPS,Application designed for Consultation & Advocacy Promotion Service,Application Component Depiction,T,,Strategic,,JK Holdings,,,,,,,,,,,,"""New York""","""Unix C""
""Subversion (source control)""
""MS Query Analyser""

Linux
""SQL Server""
VSAM
Oracle
Sybase",,,,,,,,,"""Cape Systems""",,,,,,,1/14/2004,12/13/2018,14500,6600,0,4600,,,,,,,,,,,,,,,,,,Application Component,"Full DR, tested",Next supported version,,Keep,,,,,,,,,,12/10/2010,4/23/2014,8:58:24 AM,1:45:44 PM,SAXTUSR,LouV,6f09f12f-0bfc-4c83-9e4f-f9b382576766
Cash Equitie,Determines and maintains the amount of cash in a portfolio after debits and credits are taken into account.,Application Component Depiction,T,,Strategic,,JK Holdings,,,,,,,,,,,,,,,,,,,,,,Inhouse,,,,,,,11/26/2005,3/28/2012,7700,3300,0,3900,,,,,,,,,,,,,,,,,,Application Component,No info,unknown,,Keep,,,,,,,,,,12/10/2010,9/26/2012,8:58:33 AM,12:59:38 PM,SAXTUSR,Adminis,7cd9a493-5f8a-47dc-aadc-0f4889afe20a
CAT,Credit Analysis Tool,Application Component Depiction,T,,Strategic,,JK Holdings,,,,,,,,,,,,"""San Francisco""","""Unix C""
""Subversion (source control)""
""MS Query Analyser""

Linux
""SQL Server""
VSAM
Oracle
Sybase",,,,,,,,,"""Cape Systems""",,,,,,,1/14/2004,12/13/2018,14500,6600,0,4600,,,,,,,,,,,,,,,,,,Application Component,"Full DR, tested",Next supported version,,Keep,,,,,,,,,,12/10/2010,4/23/2014,8:58:24 AM,1:45:44 PM,SAXTUSR,LouV,c945ca0e-b6db-4c9e-bd29-32b712c3837a
CC FIX Router,Credit Clearance and Financial information eXchange regarding pricing and quoting of trades,Application Component Depiction,T,,Tactical,,JK USA,,,,,,,,,,,,"""San Francisco""","""JAVA""

Linux
""SQL Server""
VSAM
Oracle
Sybase
JAVA
JAVA",,,,,,,,,Inhouse,,,,,,,8/1/2010,1/2/2013,10900,1400,0,200,,,,,,,,,,,,,,,,,,Application Component,"Full DR, tested",Next supported version,,Enhance,,,,,,,,,,12/10/2010,4/23/2014,8:57:52 AM,1:45:59 PM,SAXTUSR,LouV,097ca55f-2d87-49e9-a171-4d8b896e29f1
CenterSphere,,Application Component Depiction,T,,,,,,,,,,,,,,,,"""Hong Kong""",,,,,,,,,"""Reporting and Analysis""",,,,,,,,,,,,,,,,,,,,,,,,,,,,,,,Application Component,No info,unknown,,Retire,,,,,,,,,,5/12/2014,5/14/2014,10:25:35 PM,12:17:50 PM,LouV,LouV,95831a7e-c351-4950-b63d-e291d7284c96
Check 21 Item Processing,,Application Component Depiction,T,,,,,,,,,,,,,,,,London,,,,,,,,,,,,,,,,,,,,,,,,,,,,,,,,,,,,,,,,Application Component,No info,unknown,,Upgrade/Replace,,,,,,,,,,5/12/2014,5/14/2014,10:24:17 PM,12:15:01 PM,LouV,LouV,97a2c6d5-bfa7-43a3-9cd6-f0a6c85e6682
CIA Application,"Cleansing Information Analytics, used for research into patterns of buying and selling behaiour.v",Application Component Depiction,T,,Tactical,,JK USA,,,,,"""Market Management""",,,,,,,London,"""Visual Studio""
""Infragistics.""

Linux
""SQL Server""
VSAM
Oracle
Sybase",,,,,,,,,CIA,,,,,,,10/18/2011,2/6/2012,2700,2100,0,1200,,,,,,,,,,,,,,,,,,Application Component,"Full DR, tested",Due for upgrade,,Keep,,,,,,,,,,12/10/2010,4/23/2014,8:59:34 AM,1:46:14 PM,SAXTUSR,LouV,457d2e12-9259-4faf-afe1-f9e409cd7402
CIM Gold,,Application Component Depiction,T,,,,,,,,,,,,,,,,"""New York""",,,,,,,,,"""Direct Sales Force""",,,,,,,,,,,,,,,,,,,,,,,,,,,,,,,Application Component,No info,unknown,,Keep,,,,,,,,,,5/12/2014,5/12/2014,10:26:25 PM,10:55:41 PM,LouV,LouV,3f81fb11-f434-4df3-960b-1f4dedd23969
Clearing Books And Records (CBAR),Clearing of books and records,Application Component Depiction,T,,Heritage,,JK Holdings,,,,,,,,,,,,Dallas,"""SQL""

Linux
VSAM
Sybase
SQL
SQL",,,,,,,,,Inhouse,,,,,,,11/16/1971,10/3/2018,34900,18500,0,900,,,,,,,,,,,,,,,,,,Application Component,No info,unknown,,Keep,,,,,,,,,,12/10/2010,4/21/2014,8:58:12 AM,6:14:37 PM,SAXTUSR,LouV,c2dab200-bc66-4bfa-896a-5f68e1d00587
Clearing List,List of clearing agents,Application Component Depiction,T,,Tactical,,JK USA,,,,,,,,,,,,London,,,,,,,,,,Inhouse,,,"SmarterCommerce
",,,,9/17/2011,3/22/2011,700,600,0,1100,,,,,,,,,,,,,,,,,,Application Component,"Full DR, tested",Next supported version,,Keep,,,,,,,,,,1/13/2010,4/23/2014,4:44:58 PM,2:32:04 PM,IBMUser,LouV,83844f0a-fdd3-11d4-84d1-00a0240f30d4
Clearing Transaction Manager (CTM),Manages the clearing of transactions with an audit trail for evidencing,Application Component Depiction,T,,Strategic,,JK Holdings,,,,,,,,,,,,"""New York""
London","""SQL""

Linux
SQL
SQL",,,,,,,,,Ctam,,,,,,,8/20/2006,1/25/2016,22200,5900,0,3100,,,,,,,,,,,,,,,,,,Application Component,"Full DR, tested",Next supported version,,Keep,,,,,,,,,,12/10/2010,4/23/2014,8:58:03 AM,2:32:03 PM,SAXTUSR,LouV,0ee7d156-4019-445b-888c-4b514bfb0819
Client Automated Take-On (CATO),Automated system for taking on new clients,Application Component Depiction,T,,Strategic,,JK Holdings,,,,,,,,,,,,London,""".NET""

Linux",,,,,,,,,Inhouse,,,,,,,9/5/2005,10/29/2019,5100,800,0,300,,,,,,,,,,,,,,,,,,Application Component,"Full DR, tested",Next supported version,,Keep,,,,,,,,,,12/10/2010,4/23/2014,8:58:09 AM,2:32:03 PM,SAXTUSR,LouV,afe9e71f-5db0-4f4c-b6e4-de506d13f1d5
Client Charging Module (CCM),Automated system for charging clients,Application Component Depiction,T,,Strategic,,JK Holdings,,,,,"""Cross Services Manager""
""Financial Advisor""
""Credit Controller""
""Business Development Manager""",,,,,,,"""New York""
London","""VB6""
""SQL Server Management Studio""

Linux
VB6
VB6",,,,,,,,,Inhouse,,,,,,,2/2/2005,1/24/2018,8300,3700,0,1700,,,,,,,,,,,,,,,,,,Application Component,"Full DR, tested",Out of Support,,Keep,,,,,,,,,,12/10/2010,4/23/2014,8:58:39 AM,2:32:03 PM,SAXTUSR,LouV,72ea4362-db0b-4244-951d-b7dcf1e38ba3
Client Money,Client financials handler,Application Component Depiction,T,,Strategic,,JK Holdings,,,,,,,,,,,,"""New York""
London","""SQL""
""C++""
""ASP""

Linux
ASP
SQL
ASP
SQL",,,,,,,,,Inhouse,,,,,,,12/27/2004,3/22/2012,16800,7300,0,6200,,,,,,,,,,,,,,,,,,Application Component,"Full DR, tested",Out of Support,,Keep,,,,,,,,,,12/16/2010,4/23/2014,9:25:48 AM,2:32:03 PM,SAXTUSR,LouV,677a6603-3c7e-4c56-badb-2bcf6b72ec35
Client Reporting Center (CRC),Reporting of client accounts and transactions,Application Component Depiction,T,,Heritage,,JK Holdings,,,,,,,,,,,,"""New York""
London",Linux,,,,,,,,,Inhouse,,,,,,,9/20/1970,11/4/2020,46700,4100,0,5800,,,,,,,,,,,,,,,,,,Application Component,"Full DR, tested",Out of Support,,Keep,,,,,,,,,,12/10/2010,4/23/2014,9:03:59 AM,2:32:03 PM,SAXTUSR,LouV,a785efd5-987f-4697-8ebe-f7adfdc505fc
CMSGold,Specialized accountancy package,Application Component Depiction,T,,Heritage,,JK Holdings,,,,,,,"""Update Contact History""",,,,,"""Hong Kong""
London
""New York""","""Customer Information Control System""
""Thin Client""
""Windows Vista""","""Chief Financial Officer""
""Chief Information Officer""
""Credit Management Service Manager""
""Chief Executive Officer""
""Product Manager""
""Human Resources Director""
""Chief Operations Officer""
",,,,,,,,"""CMS Systems""",,,,,,,12/31/2009,12/31/2011,8600,700,0,100,"""Commercial Management""",,,,,,,,,,,,,,,,,Application Component,No DR,Next supported version,,Keep,,,,,,,,,,1/26/2010,4/23/2014,5:06:10 PM,1:46:30 PM,SAXTUSR,LouV,3dc2bd6b-757c-47f3-a311-64b4c9c0105d
COA for Banking,,Application Component Depiction,T,,,,,,,,,,,,,,,,,,,,,,,,,"""Direct Sales Force""",,,,,,,,,,,,,,,,,,,,,,,,,,,,,,,Application Component,No info,unknown,,Keep,,,,,,,,,,5/12/2014,5/12/2014,10:23:26 PM,10:55:40 PM,LouV,LouV,cdf915a1-aa49-413c-a722-2e1737684b0e
Community Bank Software,,Application Component Depiction,T,,,,,,,,,,,,,,,,"""San Francisco""",,,,,,,,,"""Loan Processing""",,,,,,,,,,,,,,,,,,,,,,,,,,,,,,,Application Component,No info,unknown,,Keep,,,,,,,,,,5/12/2014,5/12/2014,10:18:10 PM,10:39:22 PM,LouV,LouV,2890ae01-4ee0-46bc-a71f-e8575084ac48
Corporation Action Automation,Invocation of Corporation Action Automation and Execution,Application Component Depiction,T,,Heritage,,JK Holdings,,,,,,,,,,,,"""San Francisco""","""C#""

Linux
C#
C#",,,,,,,,,,,,,,,,11/24/1970,1/28/2012,4400,400,0,800,,,,,,,,,,,,,,,,,,Application Component,"Full DR, tested",Out of Support,,Upgrade/Replace,,,,,,,,,,12/16/2010,4/23/2014,9:25:52 AM,1:33:14 PM,SAXTUSR,LouV,ecf72d33-d94c-468f-8050-30162fbde87f
Create-A-Check FI,,Application Component Depiction,T,,,,,,,,,,,,,,,,"""San Francisco""",,,,,,,,,,,,,,,,,,,,,,,,,,,,,,,,,,,,,,,,Application Component,No info,unknown,,Keep,,,,,,,,,,5/12/2014,5/12/2014,10:23:43 PM,10:23:46 PM,LouV,LouV,711ca382-975a-4653-a9de-67a6e28b0585
Customer ODS,online data storage,Application Component Depiction,T,,Heritage,,JK Holdings,,,,,,,"""Update Operational Data Store""
""Access Operational Data Store""
""Delete Operational Data Store Data""
",,,,,"""New York""",,,,,,,,,,Inhouse,,,"Maximo
RMS
",,,,8/31/1970,5/18/2018,5900,1500,0,1000,,,,,,,,,,,,,,,,,,Application Component,No DR,Next supported version,,Enhance,,,,,,,,,,1/13/2010,4/23/2014,4:29:06 PM,1:33:47 PM,IBMUser,LouV,b8ce0b4f-de09-4229-a581-48a374590e2e
CustomerInsight,,Application Component Depiction,T,,,,,,,,,,,,,,,,,,,,,,,,,"""Campaign Management""",,,,,,,,,,,,,,,,,,,,,,,,,,,,,,,Application Component,Partial DR,Next supported version,,Upgrade/Replace,,,,,,,,,,4/21/2014,5/14/2014,4:10:40 PM,12:12:20 PM,LouV,LouV,71300f62-a20a-45a0-a214-1916bb0af9f7
Cyclops,Specialist accountancy application,Application Component Depiction,T,,Heritage,,JK Holdings,,,,,,,"""Determine Cause and Effect Correlation""",,,,,"""New York""
Dallas
London","""Windows XP""
""AT&T NetClient""
""Cisco Access Points""
""Desk Top""
Eclipse
FireFox
""Internet Explorer""
Java
""Jazz.net""
""Thin Client""
","""Chief Information Officer""
""Human Resources Director""
""Chief Operations Officer""
""Product Manager""
",,,,,,,,"""Delat Accounts""",,,"SunGard
""Filenet Content Manager""
",,,,,,9900,9900,2970,0,,,,,,,,,,,,,,,,,,Application Component,No DR,Due for upgrade,,Keep,,,,,,,,,,1/26/2010,4/23/2014,5:13:09 PM,2:32:04 PM,SAXTUSR,LouV,9ee8a9f2-c91a-442e-8365-55acbafd45c4
Datamatrice,,Application Component Depiction,T,,,,,,,,,,,,,,,,London,,,,,,,,,"""General Ledger Account Reconciliation""",,,,,,,,,,,,,,,,,,,,,,,,,,,,,,,Application Component,No info,unknown,,Retire,,,,,,,,,,5/12/2014,5/14/2014,10:15:47 PM,12:19:12 PM,LouV,LouV,6d79aaee-2261-4599-8ac0-a44c06755973
DDS,Dynamic Data Sampling; used for market analysis of trending data,Application Component Depiction,T,,Strategic,,JK Holdings,,,,,,,,,,,,London,"""C++""

Multiple",,,,,,,,,Inhouse,,,,,,,5/13/2004,2/16/2019,20300,8900,0,100,,,,,,,,,,,,,,,,,,Application Component,"Full DR, tested",Out of Support,,Keep,,,,,,,,,,12/10/2010,4/23/2014,8:59:00 AM,1:34:40 PM,SAXTUSR,LouV,8ae29ed7-2db8-45a9-827e-567129c90fbb
Dividend Manager,"Currently in the requirements gathering phase, this is an effort to provide strategic GUI & servers for the management of dividends. The GUI part will go within the Params Desktop. The server component will be responsible for the automated acquiring of dividends from external sources such as MARKIT and Bloomberg.",Application Component Depiction,T,,Strategic,,JK Holdings,,,,,,,,,,,,London,"MVS
VSAM",,,,,,,,,Inhouse,,,,,,,1/21/2006,12/5/2016,2000,8300,0,4300,,,,,,,,,,,,,,,,,,Application Component,No DR,Next supported version,,Keep,,,,,,,,,,12/10/2010,4/23/2014,8:59:10 AM,1:35:14 PM,SAXTUSR,LouV,8a00ed77-9e8e-4e54-965f-1e0fba838dba
DLP,Digital Loan Processing application,Application Component Depiction,T,,Strategic,,JK Holdings,,,,,,,,,,,,,"""Unix C""
""Subversion (source control)""
""MS Query Analyser""

Linux
""SQL Server""
VSAM
Oracle
Sybase",,,,,,,,,"""Cape Systems""",,,,,,,1/14/2004,12/13/2018,14500,6600,0,4600,,,,,,,,,,,,,,,,,,Application Component,"Full DR, tested",Next supported version,,Keep,,,,,,,,,,12/10/2010,4/23/2014,8:58:24 AM,1:45:44 PM,SAXTUSR,LouV,7f6c337c-02dd-4163-90c9-461a2894b341
Driver/Driven,"Driver/Driven is both server and GUI application for calculating derived volatility surfaces, i.e. one surface driven from another. This system will be replaced by the Volatility Management system.",Application Component Depiction,T,,Heritage,,JK Holdings,,,,,"""Business Development Manager""",,,,,,,,"""C# (both gui & server)""

Other
C#
C#",,,,,,,,,Inhouse,,,,,,,10/5/1971,9/7/2011,12600,12900,0,2500,,,,,,,,,,,,,,,,,,Application Component,"Full DR, tested",Next supported version,,Keep,,,,,,,,,,12/10/2010,4/23/2014,8:59:05 AM,1:35:37 PM,SAXTUSR,LouV,8ff6539f-c208-45ea-85ed-38c462e9e896
EBAR,Books and records system for cash equity and equity derivatives,Application Component Depiction,T,,Heritage,,JK Holdings,,,,,,,,,,,,"""San Francisco""","""Power Builder""
""C and Sequal""

Other
""C and Sequel""",,,,,,,,,Inhouse,,,,,,,3/1/1971,6/3/2019,6200,1800,0,100,,,,,,,,,,,,,,,,,,Application Component,"Full DR, tested",Next supported version,,Enhance,,,,,,,,,,12/10/2010,4/23/2014,8:57:24 AM,1:35:58 PM,SAXTUSR,LouV,358a98c6-dd53-4822-9fe6-57a6ff2e91e9
ELT-FROST,List of FROST Spreadsheets,Application Component Depiction,T,,Heritage,,JK Holdings,,,,,,,,,,,,"""San Francisco""","""VBA""

Other
VBA
VBA
VBA
VBA",,,,,,,,,Inhouse,,,,,,,7/16/1971,10/14/2015,1700,100,0,0,,,,,,,,,,,,,,,,,,Application Component,"Full DR, tested",Next supported version,,Keep,,,,,,,,,,12/16/2010,4/23/2014,9:25:55 AM,1:36:20 PM,SAXTUSR,LouV,e27007f4-c870-4a9a-87fe-beee2b72b9ff
EMEA Pipeline,Creates data sets of historical implied vols and fits for EMEA underliers.,Application Component Depiction,T,,Tactical,,JK Europe,,,,,,,,,,,,,"""Java""

Other
Java
Java
Java
Java
Java
Java
""Authentication / Single Sign-on (SSO)""",,,,,,,,,Inhouse,,,,,,,8/11/2010,6/13/2012,11000,3600,0,1800,,,,,,,,,,,,,,,,,,Application Component,No DR,Next supported version,,Keep,,,,,,,,,,12/10/2010,4/23/2014,8:59:17 AM,1:36:44 PM,SAXTUSR,LouV,2d4e091d-2f68-486d-8baa-82d48ecb173c
EPX Viewer,This is a small but useful GUI which gives Tech and Quants read-only access to the data stored within EPX.,Application Component Depiction,T,,Tactical,,JK Holdings,,,,,,,,,,,,,"Solaris
""SQL Server""
VSAM
Oracle
Sybase
""Dynamic / Server-Side Display""",,,,,,,,,Inhouse,,,,,,,4/27/2011,4/30/2013,1900,2300,0,500,,,,,,,,,,,,,,,,,,Application Component,"Full DR, tested",Due for upgrade,,Enhance,,,,,,,,,,12/10/2010,4/23/2014,8:59:12 AM,1:37:05 PM,SAXTUSR,LouV,d08792c7-8d87-4fc9-b28a-2932376f6844
Equity Derivative Operation Integrated Application,"It is a middle office applicaiton to autoemate the product lifecycle, payment notice and regulatory reporting",Application Component Depiction,T,,Strategic,,JK Holdings,,,,,"""Business Development Manager""
""Business Strategist""
""Cross Services Manager""
""Financial Strategist""
""Contracts Manager""",,,,,,,"""New York""","""JSP""
""Java""

Solaris
""SQL Server""
VSAM
Sybase
Java
Java
Java
JSP
Java
Java
Java
JSP",,,,,,,,,Inhouse,,,,,,,2/12/2006,6/8/2013,1400,3600,0,1600,,,,,,,,,,,,,,,,,,Application Component,Partial DR,Next supported version,,Keep,,,,,,,,,,12/16/2010,4/23/2014,9:25:57 AM,2:30:18 PM,SAXTUSR,LouV,9b14be21-d0c3-4432-925b-54401ac73f73
Equity Parameter Exchange,"A high throughput, low latency, data exchange service for historically stored pricing parameters. It provides multi-platform, multi-language clients with an API for storage, bitemporal queries and subscription of parameters such as rates, dividends, volatilities and betas.",Application Component Depiction,T,,Strategic,,JK USA,,,,,"""Business Development Manager""
""Contracts Manager""
""Business Strategist""
""Cross Services Manager""
""Risk Manager""
""Financial Advisor""",,,,,,,"""New York""","""Java""

Solaris
""SQL Server""
VSAM
Sybase
Java
Java
Java
Java
Java
Java",,,,,,,,,Equa,,,,,,,6/17/2006,3/8/2011,11200,7200,0,800,,,,,,,,,,,,,,,,,,Application Component,No DR,Due for upgrade,,Keep,,,,,,,,,,12/10/2010,4/23/2014,8:58:58 AM,2:30:18 PM,SAXTUSR,LouV,92328aac-ea65-44b0-9e2d-4ddf8bf6617a
Equity Trader Workstation,"Forward Starting Options - implementation of a 2-day workflow surrounding forward starting instrument, also referred as delta blending",Application Component Depiction,T,,Strategic,,JK Holdings,,,,,"""Market Management""
""Contracts Manager""
""Risk Manager""",,,,,,,"""New York""","""C# .net""

Solaris
""SQL Server""
VSAM
Sybase
""Dynamic / Server-Side Display""",,,,,,,,,Inhouse,,,,,,,2/29/2004,11/6/2017,14400,12000,0,3500,,,,,,,,,,,,,,,,,,Application Component,"Full DR, tested",Next supported version,,Keep,,,,,,,,,,12/10/2010,4/23/2014,8:58:20 AM,2:30:18 PM,SAXTUSR,LouV,8c5d8687-d0ff-4dd3-aaf2-e601675e0ad6
ExMon,"Gloss Exception Monitor for the different Glosses (EBAR, CAPS/CCAP, CTM/CBAR, GSF, S3D)",Application Component Depiction,T,,Strategic,,JK Holdings,,,,,"""Risk Manager""",,,,,,,,"""PowerBuilder""

Solaris
""SQL Server""
VSAM
Sybase
PowerBuilder
""Authentication / Single Sign-on (SSO)""",,,,,,,,,Inhouse,,,,,,,11/1/2005,12/8/2014,2400,2800,0,2100,,,,,,,,,,,,,,,,,,Application Component,"Full DR, tested",Next supported version,,Keep,,,,,,,,,,12/16/2010,4/23/2014,9:25:59 AM,1:38:25 PM,SAXTUSR,LouV,663f2f70-94a9-4176-b9e8-37c34ec2b0a7
Exotic Eye,Equity Exotic Products life cycle and event monitoring,Application Component Depiction,T,,Strategic,,JK Holdings,,,,,"""Risk Manager""",,,,,,,"""New York""","""C# .net""

Solaris
""SQL Server""
VSAM
Sybase
""Authentication / Single Sign-on (SSO)""",,,,,,,,,Inhouse,,,,,,,5/6/2006,5/24/2011,11400,8900,0,3800,,,,,,,,,,,,,,,,,,Application Component,"Full DR, tested",Due for upgrade,,Enhance,,,,,,,,,,12/10/2010,4/23/2014,9:02:00 AM,2:30:19 PM,SAXTUSR,LouV,9ed4534f-4eed-45ef-9921-f5172dedd848
ExoticRisk,ExoticRisk is a GDA based PNL and Risk reporting application for Equity Exotics.,Application Component Depiction,T,,Strategic,,JK Holdings,,,,,,,,,,,,"""New York""","""VBA""

Solaris
""SQL Server""
VSAM
Sybase
VBA
VBA
VBA
VBA",,,,,,,,,Inhouse,,,,,,,10/20/2004,6/15/2014,9200,3900,0,4200,,,,,,,,,,,,,,,,,,Application Component,"Full DR, tested",Due for upgrade,,Enhance,,,,,,,,,,12/10/2010,4/23/2014,9:00:11 AM,2:30:19 PM,SAXTUSR,LouV,bb6868f5-96af-4526-a8ed-8cf00c9c02cf
FABRIC,"FABRIC is the Front-end for Alerts, Batch Records, Issues and Contacts.",Application Component Depiction,T,,Strategic,,JK Holdings,,,,,,,,,,,,,"""C#""

Solaris
VSAM
Sybase
C#
C#",,,,,,,,,Inhouse,,,,,,,4/7/2006,12/30/2011,14200,6200,0,0,,,,,,,,,,,,,,,,,,Application Component,"Full DR, tested",Next supported version,,Keep,,,,,,,,,,12/16/2010,4/23/2014,9:26:00 AM,1:39:24 PM,SAXTUSR,LouV,f2d09b35-2bd3-40e6-99ce-a14580efc06b
Fails Allocation Charges System,This application is used for automatic calculation (and re-calculation) of daily fails & bond borrow charges as per trade settlement information received from downstream systems. It also involves automatic daily fails & borrow charges postings to trading P&L and books & records systems.,Application Component Depiction,T,,Strategic,,JK Holdings,,,,,,,,,,,,,"""VC++""

Solaris
VSAM
Sybase",,,,,,,,,RUPTA,,,,,,,6/7/2005,2/4/2015,3800,100,0,1900,,,,,,,,,,,,,,,,,,Application Component,No DR,Next supported version,,Keep,,,,,,,,,,12/16/2010,4/23/2014,9:26:01 AM,1:39:42 PM,SAXTUSR,LouV,a7813a45-2fc9-4bce-b8d0-f14370d0d2b1
FICO Dept Manager,,Application Component Depiction,T,,,,,,,,,,,,,,,,,,,,,,,,,"""Accounts Receivables""",,,,,,,,,,,,,,,,,,,,,,,,,,,,,,,Application Component,No info,unknown,,Retire,,,,,,,,,,5/12/2014,5/14/2014,10:06:31 PM,12:15:29 PM,LouV,LouV,498f23e0-e894-411b-a355-918f45f19571
Fidessa,"The Fidessa trading platform is an integrated suite of functional applications that manage and automate the front and mid-office business flows for sell side firms trading equities in the US, European, Japanese and Asian markets.",Application Component Depiction,T,,Strategic,,JK Holdings,,,,,,,,,,,,,"""Tcl""

Solaris
Tcl
Tcl",,,,,,,,,Inhouse,,,,,,,3/8/2005,5/20/2013,400,8400,0,3100,,,,,,,,,,,,,,,,,,Application Component,"Full DR, tested",Next supported version,,Keep,,,,,,,,,,12/10/2010,4/23/2014,8:57:50 AM,1:39:59 PM,SAXTUSR,LouV,209c51b9-948d-42af-b14d-f3b998ce2729
Filenet Content Manager,,Application Component Depiction,T,,,,,,,,,,,,,,,,"""Hong Kong""",,,,,,,,,"""Content Management""",,,,"Cyclops
",,,,,,,,,,,,,,,,,,,,,,,,,,,Application Component,No DR,Next supported version,,Upgrade/Replace,,,,,,,,,,4/21/2014,5/14/2014,4:44:53 PM,12:20:07 PM,LouV,LouV,f2730fa3-f0c8-4c2f-971b-c22aaeb8a808
FISA Enterprise,,Application Component Depiction,T,,,,,,,,,,,,,,,,,,,,,,,,,"""Accounts Receivables""",,,,,,,,,,,,,,,,,,,,,,,,,,,,,,,Application Component,No info,unknown,,Keep,,,,,,,,,,5/12/2014,5/12/2014,10:06:20 PM,10:30:50 PM,LouV,LouV,5316afcd-b003-40e3-b077-e8a4855f621b
Fixed Income Prime Broker Trade Capture,The trade capture application used by Fixed Income Prime Brokerage busienss,Application Component Depiction,T,,Strategic,,JK Holdings,,,,,"""Business Development Manager""",,,,,,,"""Hong Kong""","""Java""

Solaris
Java
Java
Java
Java
Java
Java",,,,,,,,,Inhouse,,,,,,,2/24/2005,5/20/2011,8500,700,0,1100,,,,,,,,,,,,,,,,,,Application Component,No DR,Next supported version,,Keep,,,,,,,,,,12/10/2010,4/23/2014,8:57:53 AM,2:33:04 PM,SAXTUSR,LouV,990f4c2b-2e98-45e8-9e8a-39d01dec266d
Flow Risk,An event-driven real-time risk system that also includes basic P&L numbers. This is also the first application that integrates all of the risk services:,Application Component Depiction,T,,Strategic,,JK Holdings,,,,,,,,,,,,,"""Java""

Solaris
Java
Java
Java
Java
Java
Java",,,,,,,,,Inhouse,,,,,,,10/13/2005,3/18/2020,3000,2300,0,700,,,,,,,,,,,,,,,,,,Application Component,No DR,Next supported version,,Keep,,,,,,,,,,12/10/2010,4/23/2014,9:02:04 AM,1:40:45 PM,SAXTUSR,LouV,7d44c013-592c-48d5-863c-e4af13b2c4ca
FraudFinder,,Application Component Depiction,T,,,,,,,,,,,,,,,,"""New York""",,,,,,,,,"""Savings Account Management""",,,,,,,,,,,,,,,,,,,,,,,,,,,,,,,Application Component,No info,unknown,,Retire,,,,,,,,,,5/12/2014,5/14/2014,10:24:27 PM,12:13:14 PM,LouV,LouV,c9179792-b999-4ee0-9ff2-039f897c6cd9
GDADirect,Interface based on GDA libraries oriented towards publishing and trade booking into RAM,Application Component Depiction,T,,Strategic,,JK Europe,,,,,,,,,,,,,"""VBA/C#/C++""

Unknown
VSAM
Sybase",,,,,,,,,Inhouse,,,,,,,5/22/2005,2/8/2017,4400,4200,0,2000,,,,,,,,,,,,,,,,,,Application Component,"Full DR, tested",Next supported version,,Enhance,,,,,,,,,,12/10/2010,4/23/2014,9:00:51 AM,12:40:33 PM,SAXTUSR,LouV,3ec922ef-a221-400a-bb78-1a6d87a183f4
GdPlugin,"Excel plugin to access GDA Analytical libraries for loading, modifying, pricing and publishing Equity Exotics products using a wide range of models",Application Component Depiction,T,,Tactical,,JK Aus,,,,,"""Business Analyst""",,,,,,,,"""C++""

Unknown
VSAM
Sybase",,,,,"""Enterprise Data Management"".""Inventory Management""
",,,,Inhouse,,,,,,,3/1/2010,8/29/2013,4400,1900,0,1200,,,,,,,,,,,,,,,,,,Application Component,Partial DR,Due for upgrade,,Keep,,,,,,,,,,12/10/2010,4/23/2014,9:00:50 AM,1:31:03 PM,SAXTUSR,LouV,e08d8ffa-37de-4481-a71c-f53b31b206e5
Geneva,Non-Book and Records Portfolio Management reporting GPB system. Application has infrastructure that is part of another application with Sub App - MHS ID: Global Prime Broker Application 291,Application Component Depiction,T,,Heritage,,JK Holdings,,,,,,,,,,,,,Windows,,,,,,,,,Inhouse,,,,,,,6/14/1971,2/25/2017,20400,14800,0,7700,,,,,,,,,,,,,,,,,,Application Component,"Full DR, tested",Due for upgrade,,Enhance,,,,,,,,,,12/10/2010,4/23/2014,8:58:02 AM,1:31:44 PM,SAXTUSR,LouV,623f3556-8c57-40bf-8a31-ee8d94709118
Global Client Communications Module,This application distributes client reports for International Prime Brokerage (IPB) Clients.,Application Component Depiction,T,,Tactical,,JK Holdings,,,,,,,,,,,,,"""Visual Studio""
""VB6""
""SQL""
""ASP""

Windows
ASP
SQL
VB6
ASP
SQL
VB6",,,,,,,,,Inhouse,,,,,,,10/14/2010,12/25/2011,14300,1200,0,2000,,,,,,,,,,,,,,,,,,Application Component,No info,Due for upgrade,,Enhance,,,,,,,,,,12/10/2010,4/23/2014,9:01:47 AM,12:45:21 PM,SAXTUSR,LouV,77aed90c-bf42-4118-88a8-fe7267a89a91
Global Money Wires,GMW allows direct entry and automation by clients of cash receipts and payments via MLPrime,Application Component Depiction,T,,Tactical,,JK Holdings,,,,,,,,,,,,Milwaukee,"""XSLT""
""VS .Net 2005""
""Javascript""
""Hibernate""
""ASP .Net 2.0 (C#)""

""Windows (client only)""
XSLT
Hibernate
Javascript
XSLT",,,,,,,,,Reuters,,,,,,,3/4/2012,10/18/2012,8800,5700,0,2800,,,,,,,,,,,,,,,,,,Application Component,"Full DR, tested",Next supported version,,Upgrade/Replace,,,,,,,,,,12/10/2010,4/23/2014,8:58:07 AM,12:45:35 PM,SAXTUSR,LouV,1f0dfec0-6af8-4df6-b6d2-7d68df469634
Global Prime Brokerage Transaction Capture Service,Global Prime Brokerage Transaction Capture Services,Application Component Depiction,T,,Heritage,,JK Holdings,,,,,,,,,,,,"""New York""",""".NET""

""Windows Server 2003""
multiple
""SQL Server""
VSAM
Oracle
Sybase",,,,,,,,,Inhouse,,,,,,,9/25/1970,1/17/2018,49800,6700,0,23400,,,,,,,,,,,,,,,,,,Application Component,No DR,Due for upgrade,,Keep,,,,,,,,,,12/10/2010,4/23/2014,8:57:56 AM,12:45:58 PM,SAXTUSR,LouV,64df09de-e9dc-440d-9fb7-6a21a23bbe1c
Global Settlements Factory,Settlement factory for all non UK Business for MLI & MLI CLEARING,Application Component Depiction,T,,Heritage,,JK Holdings,,,,,,,,,,,,Milwaukee,"""Unix C""
""Subversion (source control)""
""MS Query Analyser""

""Windows Server 2003""
""SQL Server""
VSAM
Oracle
Sybase",,,,,,,,,Inhouse,,,,,,,2/16/1972,8/21/2013,34500,38600,0,31900,,,,,,,,,,,,,,,,,,Application Component,"Full DR, tested",Due for upgrade,,Enhance,,,,,,,,,,12/10/2010,4/23/2014,8:58:31 AM,1:30:42 PM,SAXTUSR,LouV,7be3c666-dfac-4f9a-a480-5ce223655bc7
Gloss BTM,Bond Transaction Manager - Repo/Cash Debt products. Trade enrichment & validation engine for processing Debt business booked via Front Office Systems including Bloomberg/Martini/CAPS/Genesis/RAM/Janus.,Application Component Depiction,T,,Strategic,,JK Holdings,,,,,,,,,,,,,"""Reflections.""
""Powerbuilder 5.0.4 (GUI)""
""MS SQL Server""

""Windows Server 2003""
""SQL Server""
VSAM
Sybase",,,,,,,,,Inhouse,,,,,,,8/25/2006,7/19/2012,8900,2400,0,1700,,,,,,,,,,,,,,,,,,Application Component,"Full DR, tested",Due for upgrade,,Enhance,,,,,,,,,,12/10/2010,4/23/2014,8:57:57 AM,12:47:05 PM,SAXTUSR,LouV,9cb66433-1135-4601-8d5a-7049328f15ab
Gloss Reporter,"Scheduled and adhoc reporting for Gloss EBAR, CTM/CBAR",Application Component Depiction,T,,Heritage,,JK Holdings,,,,,,,,,,,,Milwaukee,"""PowerBuilder""
""Perl""

""Windows Server 2003""
""SQL Server""
VSAM
Sybase
Perl
PowerBuilder
Perl",,,,,,,,,Inhouse,,,,,,,1/2/1973,2/6/2015,1500,400,0,200,,,,,,,,,,,,,,,,,,Application Component,"Full DR, tested",Due for upgrade,,Keep,,,,,,,,,,12/16/2010,4/23/2014,9:26:15 AM,12:39:33 PM,SAXTUSR,LouV,59a9a7f5-ba57-4f44-b88b-a406b65d01d8
GMFS RADAR,"GMF&S Margin and Risk Management partners with GEF Business Units as well as Corporate Credit to measure and control GEF financing risks in all market environments. We work closely with the business to effectively manage our overall market, portfolio, Credit, cross-asset risks while providing optimal leverage in line with regulatory requirements and IBM Rational policies.",Application Component Depiction,T,,Strategic,,JK Holdings,,,,,"""Risk Manager""
""Contracts Manager""
""Financial Advisor""
""Cross Services Manager""",,,,,,,,"""WebLogic WorkShop""
""VBA""
""Tomcat""
""shell""
""PL/SQL Developer""
""PL/SQL""
""Perl""
""Java""
""Jasper""
""Eclipse""
""CVS""
""Cognos Developer""
""C""
""ant""

""Windows Server 2003""
""SQL Server""
VSAM
Sybase
C
Eclipse
Eclipse
Eclipse
Java
Java
Java
Perl
VBA
VBA
ant
C
CVS
Eclipse
Eclipse
Eclipse
Jasper
Java
Java
Java
Perl
shell
Tomcat
VBA
VBA
""Authentication / Single Sign-on (SSO)""",,,,,"""JK Enterprises"".""Financial Product""
""JK Enterprises"".""Legal Compliance""
""JK Enterprises"".""Risk Assessment""
""JK Enterprises"".Transaction
",,,,IBM,,,,,,,1/30/2005,2/18/2020,5800,2300,0,900,,,,,,,,,,,,,,,,,,Application Component,No DR,Due for upgrade,,Keep,,,,,,,,,,12/10/2010,4/23/2014,8:59:27 AM,12:40:46 PM,SAXTUSR,LouV,fa66c0e2-1fed-4eb1-817f-499be7918ff7
GMFS Risk Control,"GMF&S Risk Control is a Risk Engines and analytics tool. The Risk engine calculates the potential P&L as well as the Greeks for security level and portfolo level under market shocks (volatility, underlying, interest rate) combinations. The application is used to monitor the client equity level versus the expected P&L gain/loss. It is used also for risk based margining, regulatory and compliance applications.",Application Component Depiction,T,,Strategic,,JK Holdings,,,,,"""Risk Manager""
""Contracts Manager""
""Financial Advisor""
""Cross Services Manager""",,,,,,,,"""Shell""
""Perl""
""FORTRAN""
""C""

""Windows Server 2003""
""SQL Server""
VSAM
Sybase
C
FORTRAN
Perl
Shell
C
FORTRAN
Perl
Shell
""Authentication / Single Sign-on (SSO)""",,,,,"""JK Enterprises"".""Financial Product""
""JK Enterprises"".""Legal Compliance""
""JK Enterprises"".""Risk Assessment""
",,,,Inhouse,,,,,,,3/15/2005,11/13/2019,18800,3700,0,3900,,,,,,,,,,,,,,,,,,Application Component,No info,Due for upgrade,,Keep,,,,,,,,,,12/16/2010,4/23/2014,9:26:30 AM,12:40:58 PM,SAXTUSR,LouV,a460bcd6-baa9-42b9-987e-dec47fa2d016
GOLedger,Ledger and Position management,Application Component Depiction,T,,Heritage,,JK Holdings,,,,,,,,,,,,London,"""Windows Vista""
""AT&T NetClient""
""C++""
""Cisco Access Points""
""Customer Information Control System""
""Desk Top""
Eclipse
FireFox
""Jazz.net""
Java
""Internet Explorer""
""Lap Top""
""Lotus Notes""
NetBook
Oracle
""SOAP-over-UDP v1.1""
""Thin Client""
""Windows 2000""
""Windows XP""
""asp.net""
""dot.net""
","""Chief Financial Officer""
""Chief Executive Officer""
""Human Resources Director""
""Product Manager""
""Sales Manager""
""Credit Management Service Manager""
""Chief Operations Officer""
""Chief Information Officer""
",,,,,,,"""General Ledger Account Reconciliation""","""Delat Accounts""",,,"SmarterCommerce
",,,,12/31/2009,12/31/2013,4600,2700,0,900,Accounts,,,,,,,,,,,,,,,,,Application Component,"Full DR, tested",Out of Support,,Keep,,,,,,,,,,1/26/2010,4/23/2014,5:11:13 PM,12:41:10 PM,SAXTUSR,LouV,99513019-23e7-451b-9117-b59d5c900ee6
GPB Distruibution Hub,Center Hub to deliver the reports/files/messages from source to destination,Application Component Depiction,T,,Strategic,,JK Holdings,,,,,,,,,,,,,"""Java""

""Windows Server 2003""
""SQL Server""
VSAM
Sybase
Java
Java
Java
Java
Java
Java",,,,,,,,,Inhouse,,,,,,,3/7/2006,9/10/2020,27400,9400,0,100,,,,,,,,,,,,,,,,,,Application Component,No DR,Out of Support,,Enhance,,,,,,,,,,12/10/2010,4/23/2014,9:01:33 AM,12:41:25 PM,SAXTUSR,LouV,e7c6daf6-b975-4607-a718-4492174c37ed
GSL Archiving,Global Stock Loan Data Warehouse,Application Component Depiction,T,,Heritage,,JK Holdings,,,,,,,,,,,,Milwaukee,"""Business Objects""

""Windows Server 2003""
""SQL Server""
VSAM
Sybase",,,,,,,,"""GSL Workbench""",Inhouse,,,"""GSL Workbench""
",,,,3/6/1971,9/5/2019,22700,17000,0,8300,,,,,,,,,,,,,,,,,,Application Component,"Full DR, tested",Out of Support,,Upgrade/Replace,,,,,,,,,,12/10/2010,4/23/2014,9:01:41 AM,2:30:58 PM,SAXTUSR,LouV,ff6197a7-0832-4a60-8499-17a7f0c91df3
GSL Autoborrow,"USL AutoBorrow provides an automated method of borrowing stock from lenders using the EquiLend platform. In MLI, the application is available to the stock loan front and middle office, but primarily used by middle office. It is also used by the MLJ business and extensively by the US domestic stock loan business.",Application Component Depiction,T,,Heritage,,JK Holdings,,,,,,,,,,,,Milwaukee,""".Net""

""Windows Server 2003""
""SQL Server""
VSAM
Oracle
Sybase",,,,,,,,"""GSL Workbench""",Inhouse,,,"""GSL Workbench""
",,,,7/23/1970,11/3/2015,27100,900,0,2200,,,,,,,,,,,,,,,,,,Application Component,"Full DR, tested",Next supported version,,Enhance,,,,,,,,,,12/10/2010,4/23/2014,9:00:02 AM,2:31:02 PM,SAXTUSR,LouV,66b50281-21ca-4110-9c96-36c0694cd42a
GSL Autoreturns,Global Securities Lending Autoreturns,Application Component Depiction,T,,Heritage,,JK Holdings,,,,,,,,,,,,Milwaukee,""".Net""

""Windows Server 2003""
""SQL Server""
VSAM
Sybase",,,,,,,,"""GSL Workbench""",Inhouse,,,"""GSL Workbench""
",,,,11/23/1971,4/15/2016,11000,5400,0,1200,,,,,,,,,,,,,,,,,,Application Component,"Full DR, tested",Due for upgrade,,Keep,,,,,,,,,,12/10/2010,4/23/2014,9:00:03 AM,2:31:02 PM,SAXTUSR,LouV,664ba9d2-8b23-4f93-b8ba-d520937653c7
GSL Availability,Stock Loan globally relies on a steady stream of stock availability from internal and external lenders. This is fed from a number of sources and displayed to Traders and clients in a number of ways. Trades are made using this data. Application has infrastructure that is part of another application with Sub App - MHS ID: Global Stock Loan Application 289/269,Application Component Depiction,T,,Heritage,,JK Holdings,,,,,,,,,,,,Milwaukee,""".Net""

""Windows Server 2003""
""SQL Server""
VSAM
Sybase",,,,,,,,"""GSL Workbench""",Inhouse,,,"""GSL Workbench""
",,,,10/25/1970,11/11/2019,3500,600,0,1000,,,,,,,,,,,,,,,,,,Application Component,"Full DR, tested",Next supported version,,Enhance,,,,,,,,,,12/10/2010,4/23/2014,9:00:58 AM,2:30:58 PM,SAXTUSR,LouV,1da1835c-4de5-46f6-81f3-263283bffdb7
GSL Connectivity (MLX/ML Prime),Stock Loan data available to clients via MLX / ML Prime.,Application Component Depiction,T,,Heritage,,JK Holdings,,,,,,,,,,,,Milwaukee,"""Windows Server 2003""
""SQL Server""
VSAM
Sybase",,,,,,,,"""GSL Workbench""",Inhouse,,,"""GSL Workbench""
",,,,6/15/1971,11/11/2016,7700,100,0,1300,,,,,,,,,,,,,,,,,,Application Component,"Full DR, tested",Next supported version,,Enhance,,,,,,,,,,12/10/2010,4/23/2014,9:00:59 AM,2:30:58 PM,SAXTUSR,LouV,aa371554-751c-4c6d-817d-04aa1ef77d87
GSL Global One (KTEK) 1,"
",Application Component Depiction,T,,Heritage,,JK Holdings,,,,,"""Risk Manager""
""Cross Services Manager""
""Business Development Manager""
""Business Strategist""
""Information Manager""",,,,,,,Milwaukee,"""Windows Server 2003""
""SQL Server""
VSAM
Sybase",,,,,,,,"""GSL Workbench""",Inhouse,,,"""GSL Workbench""
",,,,1/6/1973,4/8/2016,500,1800,0,1000,,,,,,,,,,,,,,,,,,Application Component,"Full DR, tested",Out of Support,,Enhance,,,,,,,,,,12/10/2010,4/23/2014,9:00:37 AM,2:30:59 PM,SAXTUSR,LouV,cd3d4bc2-7e41-4820-aa7e-6737112a4190
GSL Global One (KTEK) Business Objects,Transaction management system,Application Component Depiction,T,,Heritage,,JK Holdings,,,,,,,,,,,,Milwaukee,"""Business Objects""

""Windows Server 2003""
""SQL Server""
VSAM
Sybase",,,,,"""JK Enterprises"".Transaction
""JK Enterprises"".""Legal Instrument""
""JK Enterprises"".""Financial Product""
""JK Enterprises"".""Contact History""
""JK Enterprises"".""Contact Record""
",,,"""GSL Workbench""",Inhouse,,,"""GSL Workbench""
",,,,10/9/1971,5/7/2013,6500,2400,0,600,,,,,,,,,,,,,,,,,,Application Component,"Full DR, tested",Next supported version,,Enhance,,,,,,,,,,12/10/2010,4/23/2014,8:58:53 AM,2:30:59 PM,SAXTUSR,LouV,92a6db6e-5e1a-431a-bf70-93811dbe2094
GSL Ratings Analytics,Stock Loan Ratings and Analytics tool that provides ML Pro client position information and ability to manage rates. Additionally provides analytical information for clients and lenders.,Application Component Depiction,T,,Heritage,,JK Holdings,,,,,,,,,,,,Milwaukee,""".Net""
""Business Objects""

""Windows Server 2003""
""SQL Server""
VSAM
Sybase",,,,,,,,"""GSL Workbench""",Inhouse,,,"""GSL Workbench""
",,,,1/3/1972,6/22/2012,4600,1700,0,900,,,,,,,,,,,,,,,,,,Application Component,"Full DR, tested",Due for upgrade,,Enhance,,,,,,,,,,12/10/2010,4/23/2014,9:01:01 AM,2:31:00 PM,SAXTUSR,LouV,e8a68ad7-4ba7-4c9e-977d-3f08cf96e940
GSL Reporting,GSL Business Objects Reporting,Application Component Depiction,T,,Heritage,,JK Holdings,,,,,,,,,,,,Milwaukee,"""Windows Server 2003""
""SQL Server""
VSAM
Sybase",,,,,,,,"""GSL Workbench""",Inhouse,,,"""GSL Workbench""
",,,,11/10/1971,2/18/2012,22100,2100,0,6100,,,,,,,,,,,,,,,,,,Application Component,"Full DR, tested",Next supported version,,Enhance,,,,,,,,,,12/10/2010,4/23/2014,8:58:54 AM,2:31:00 PM,SAXTUSR,LouV,c7fc33dc-47c1-4c9c-81dc-a96e6a3b4940
GSL Subsystem,GSL Business Objects Reporting - specalized subset for reporting,Application Component Depiction,T,,Heritage,,JK Holdings,,,,,,,,,,,,Milwaukee,"""Windows Server 2003""
""SQL Server""
VSAM
Sybase",,,,,,,,"""GSL Workbench""",Inhouse,,,"""GSL Workbench""
",,,,4/29/1972,5/13/2014,3000,1300,0,200,,,,,,,,,,,,,,,,,,Application Component,"Full DR, tested",Next supported version,,Keep,,,,,,,,,,12/10/2010,4/23/2014,9:01:02 AM,2:31:00 PM,SAXTUSR,LouV,40a18835-7b4e-4025-a9b7-152e250a27e8
GSL Trade Entry,Global Stock Loan Trade Entry,Application Component Depiction,T,,Heritage,,JK Holdings,,,,,,,,,,,,Milwaukee,"""Windows Server 2003""
""SQL Server""
VSAM
Sybase",,,,,,,,"""GSL Workbench""",Inhouse,,,"""GSL Workbench""
",,,,8/22/1970,10/27/2014,11200,7500,0,2100,,,,,,,,,,,,,,,,,,Application Component,"Full DR, tested",Due for upgrade,,Enhance,,,,,,,,,,12/10/2010,4/23/2014,9:00:05 AM,2:31:01 PM,SAXTUSR,LouV,e5462454-7c03-440c-98f2-1e969dd7d28d
GSL Workbench,,Application Component Depiction,T,,,,,,,,,,,,,,,,Milwaukee,,,,,,,,"""GSL Archiving""
""GSL Autoborrow""
""GSL Autoreturns""
""GSL Availability""
""GSL Connectivity (MLX/ML Prime)""
""GSL Global One (KTEK) 1""
""GSL Global One (KTEK) Business Objects""
""GSL Ratings Analytics""
""GSL Reporting""
""GSL Subsystem""
""GSL Trade Entry""",,,,,"""GSL Archiving""
""GSL Autoborrow""
""GSL Autoreturns""
""GSL Availability""
""GSL Connectivity (MLX/ML Prime)""
""GSL Global One (KTEK) 1""
""GSL Global One (KTEK) Business Objects""
""GSL Ratings Analytics""
""GSL Reporting""
""GSL Subsystem""
""GSL Trade Entry""
",,,,,,,,,,,,,,,,,,,,,,,,,,,Application Component,No DR,Next supported version,,Keep,,,,,,,,,,4/20/2014,4/23/2014,1:05:12 PM,2:31:01 PM,LouV,LouV,8ad32fce-6e0b-497e-abc0-72449786f7ef
GTICK,GTick stands for Global Tick Data and is designed to be the data repository for capturing all trade and quote prints (ticks) from every major exchange.,Application Component Depiction,T,,Heritage,,JK Holdings,,,,,,,,,,,,"""San Francisco""","""unix shell""
""Java""
""C/C++""

""Windows Server 2003""
""SQL Server""
VSAM
Sybase
Java
Java
Java
Java
Java
Java",,,,,,,,,Inhouse,,,,,,,8/10/1970,1/30/2011,13200,9000,0,4000,,,,,,,,,,,,,,,,,,Application Component,"Full DR, tested",Due for upgrade,,Keep,,,,,,,,,,12/10/2010,4/23/2014,8:58:52 AM,12:44:47 PM,SAXTUSR,LouV,73245d22-244d-43f7-9d94-71934dc1e56d
Historical Volatility Server,"The Historical Volatility Server serves impliedvols, realised vols, shifted-realised vols and spot prices to the Historical Volatility Viewer which is within the Params Desktop.",Application Component Depiction,T,,Strategic,,JK USA,,,,,,,,,,,,"""Hong Kong""","""Java""

""Windows Server 2003""
""SQL Server""
VSAM
Sybase
Java
Java
Java
Java
Java
Java
""Dynamic / Server-Side Display""",,,,,,,,,Inhouse,,,,,,,7/22/2006,2/3/2013,20600,4500,0,0,,,,,,,,,,,,,,,,,,Application Component,No DR,Due for upgrade,,Enhance,,,,,,,,,,12/10/2010,4/23/2014,8:58:59 AM,2:33:05 PM,SAXTUSR,LouV,e2c82ea5-324f-41d7-82cd-81aa0b0d2ab4
IBM Rational Focal Point,,Application Component Depiction,T,,,,,,,,,,,,,,,,Milwaukee,,,,,,,,,"""Product Lifecycle Management""
""Product Strategy/Proposition Management""
""Enterprise Architecture""",,,,,,,,,,,,,,,,,,,,,,,,,,,,,,,Application Component,"Full DR, tested",Next supported version,,Keep,,,,,,,,,,4/23/2014,5/14/2014,1:58:11 PM,1:01:32 PM,LouV,LouV,f522a492-c3bc-4c9d-9766-d4d7e94c4f90
IBM Rational InvestPro,"A long term high yield private loan program, backed up by Forex market trading and investing in various funds and activities.",Application Component Depiction,T,,Strategic,,JK Holdings,,,,,,,,,,,,,"""Java""

Java
Java
Java
Java
Java
Java",,,,,,,,,IBM,,,,,,,7/19/2006,7/26/2017,4000,6300,0,600,,,,,,,,,,,,,,,,,,Application Component,"Full DR, tested",Next supported version,,Enhance,,,,,,,,,,12/16/2010,4/23/2014,9:26:40 AM,12:32:08 PM,SAXTUSR,LouV,0a5f44f6-5f0c-42e1-ab37-43677d6a4d4d
Innov8,,Application Component Depiction,T,,,,,,,,,,,,,,,,,,,,,,,,,,,,,,,,,,,,,,,,,,,,,,,,,,,,,,,,Application Component,No info,unknown,,Keep,,,,,,,,,,5/12/2014,5/12/2014,10:24:03 PM,10:24:05 PM,LouV,LouV,74b68204-5f40-43e6-872c-9c33fd7ffdd3
Inventory One,Provide Inventory Managment tool for Delta-one desk,Application Component Depiction,T,,Tactical,,JK USA,,,,,,,,,,,,,"""Java""
""C#""

""Windows Server 2003""
""SQL Server""
VSAM
Sybase
C#
Java
Java
Java
C#
Java
Java
Java",,,,,,,,,InVone,,,,,,,3/17/2012,8/14/2013,2600,500,0,200,,,,,,,,,,,,,,,,,,Application Component,Partial DR,Due for upgrade,,Keep,,,,,,,,,,12/16/2010,4/23/2014,9:26:41 AM,12:33:02 PM,SAXTUSR,LouV,2b64aa55-7163-4f12-be2e-315a7102531a
IOI Parser,,Application Component Depiction,T,,,,,,,,,,,,,,,,"""New York""",,,,,,,,"""Message Publication Hub (PUBHUB)""",,,,,"""Message Publication Hub (PUBHUB)""
",,,,,,,,,,,,,,,,,,,,,,,,,,,Application Component,No DR,Due for upgrade,,Retire,,,,,,,,,,4/20/2014,4/23/2014,1:06:22 PM,12:32:29 PM,LouV,LouV,ae97c77a-1204-4d7e-aaff-af647414ff9d
IPB Exception Monitor (Exmon),Provide trade failure exception handling and limited validation and authorisation workflow for International Prime Brokerage (CTM and CBAR),Application Component Depiction,T,,Tactical,,JK Holdings,,,,,,,,,,,,"""New York""","""Powerbuilder 5""

""Windows Server 2003""
""SQL Server""
VSAM
Sybase",,,,,,,,,Inhouse,,,,,,,10/13/2009,2/4/2011,6400,500,0,1300,,,,,,,,,,,,,,,,,,Application Component,"Full DR, tested",Out of Support,,Keep,,,,,,,,,,12/10/2010,4/23/2014,8:58:36 AM,12:32:46 PM,SAXTUSR,LouV,1ef773f0-be2c-4309-b456-72052f5bf0c7
IPBS,,Application Component Depiction,T,,,,,,,,,,,,,,,,,,,,,,,,,"""Accounts Receivables""",,,,,,,,,,,,,,,,,,,,,,,,,,,,,,,Application Component,No info,unknown,,Upgrade/Replace,,,,,,,,,,5/12/2014,5/14/2014,10:05:59 PM,12:15:15 PM,LouV,LouV,2a5f94d2-567e-42eb-9b75-1a3aa5d0e2c4
Journal Entry and Tickback,Journal Entry & Tickback is an application for entering/uploading Journal entries. The journal entries are passed on to Bridge for further processing.,Application Component Depiction,T,,Tactical,,JK Holdings,,,,,,,,,,,,,"""C# 2003""
"".Net""

""Windows Server 2003""
VSAM
Sybase",,,,,,,,,Inhouse,,,,,,,4/21/2011,1/16/2012,1200,500,0,1700,,,,,,,,,,,,,,,,,,Application Component,"Full DR, tested",Out of Support,,Enhance,,,,,,,,,,12/16/2010,4/23/2014,9:26:43 AM,12:33:23 PM,SAXTUSR,LouV,a6b2d400-7e80-43b5-a66c-5eb31dd587b0
Loan Servicing Soft,,Application Component Depiction,T,,,,,,,,,,,,,,,,,,,,,,,,,"""Loan Processing""",,,,,,,,,,,,,,,,,,,,,,,,,,,,,,,Application Component,No info,unknown,,Keep,,,,,,,,,,5/12/2014,5/12/2014,10:17:49 PM,10:39:22 PM,LouV,LouV,736ba1fd-a6e7-453e-91d1-7664a5d39703
Lombardi,The Lombardi system displays SWIFT Corporate Action messages and allows them to be assigned to users and groups for actioning.,Application Component Depiction,T,,Strategic,,JK Holdings,,,,,,,,,,,,,"""Windows Server 2003""
VSAM
Sybase",,,,,,,,,Inhouse,,,,,,,8/27/2004,8/14/2020,8000,5400,0,3000,,,,,,,,,,,,,,,,,,Application Component,"Full DR, tested",Next supported version,,Keep,,,,,,,,,,12/16/2010,4/23/2014,9:26:44 AM,12:33:43 PM,SAXTUSR,LouV,27659729-74a3-4af7-8be3-989c6d5e43db
Low Latency Market Access,Market Access components in use in the X-Direct product suite. These engines reformat FIX outbound orders into the exchange specific API formats and manage connections with the exchanges. Currently deployed to all major European cash exchanges and limited derivatives platforms.,Application Component Depiction,T,,Heritage,,JK Holdings,,,,,,,,,,,,,"""C++""

""Windows Server 2003""
VSAM
Sybase",,,,,,,,,Inhouse,,,,,,,9/5/1971,2/17/2020,6500,1300,0,800,,,,,,,,,,,,,,,,,,Application Component,"Full DR, tested",Due for upgrade,,Enhance,,,,,,,,,,12/16/2010,4/23/2014,9:26:44 AM,12:34:06 PM,SAXTUSR,LouV,84794e70-02de-4894-a958-7111f7c48616
Market Router,Market Router enables connection between the AXP Algo Trading nodes and Fidessa EMMA (European MultiMarket Access) for the legacy ETT flows.,Application Component Depiction,T,,Heritage,,JK Holdings,,,,,,,,,,,,"""San Francisco""","""Java""

""Windows Server 2003""
VSAM
Sybase
Java
Java
Java
Java
Java
Java",,,,,,,,,Inhouse,,,,,,,8/24/1970,11/9/2017,400,700,0,300,,,,,,,,,,,,,,,,,,Application Component,No info,Next supported version,,Upgrade/Replace,,,,,,,,,,12/10/2010,4/23/2014,8:59:52 AM,12:36:46 PM,SAXTUSR,LouV,d20355d8-0b11-44a3-9dea-1e5e928e000c
Maximo,,Application Component Depiction,T,,,,,,,,,,,,,,,,,,,,,,,,,,,,,"""Customer ODS""
",,,,,,,,,,,,,,,,,,,,,,,,,,,Application Component,No info,Due for upgrade,,Keep,,,,,,,,,,4/21/2014,4/23/2014,3:35:20 PM,12:37:04 PM,LouV,LouV,e53233fc-9dfe-4e30-b875-5dd8a129af63
MEDUSA,MEDUSA is the system used by the Cash Equity business to manage settlement of eligible trades in the Crest settlement system. Additionally it is used to settle UK Gilt trades at Crest.,Application Component Depiction,T,,Strategic,,JK Holdings,,,,,,,,,,,,,"""Pro*C""
""PL*SQL""
""Gupta SQLWindows (Team Developer)""
""C""

""Windows Server 2003""
C
C
Java",,,,,,,,,Inhouse,,,,,,,6/2/2005,3/15/2020,6300,200,0,4900,,,,,,,,,,,,,,,,,,Application Component,"Full DR, tested",Next supported version,,Keep,,,,,,,,,,12/16/2010,4/23/2014,9:26:47 AM,12:34:40 PM,SAXTUSR,LouV,7e627107-25ba-4135-9409-c4195d8751e0
Message Publication Hub (PUBHUB),"PUBHUB takes message flow from the ETT plant and sends on to ATDB, HVN, Unity etc.",Application Component Depiction,T,,Strategic,,JK Holdings,,,,,,,,,,,,,"""Java""

""Windows Server 2003""
Java
Java
Java
Java
Java
Java",,,,,,,,"""IOI Parser""",Inhouse,,,"""IOI Parser""
",,,,9/2/2004,8/18/2014,1500,1000,0,800,,,,,,,,,,,,,,,,,,Application Component,"Full DR, tested",Out of Support,,Upgrade/Replace,,,,,,,,,,12/10/2010,4/23/2014,8:59:53 AM,12:37:20 PM,SAXTUSR,LouV,282c871b-a2db-4187-9876-ab0ef1ba3dae
MiniMOM\Rupta,"Application used to connect to EquiLend, do queue management and creation of comparison messages",Application Component Depiction,T,,Tactical,,JK Aus,,,,,,,,,,,,,,,,,,,,,,RUPTA,,,,,,,11/5/2010,4/18/2011,4800,700,0,400,,,,,,,,,,,,,,,,,,Application Component,No DR,Next supported version,,Enhance,,,,,,,,,,12/10/2010,4/23/2014,9:00:39 AM,12:37:39 PM,SAXTUSR,LouV,de90f2af-3f93-4c90-afcf-e2c64d63c2f0
ML Fix Engine (FER),In house developed FIX engine. In use in the Direct Market Access flow this engine maintains external client connections with in and outbound sequence numbers and routes FIX flow to and from the DMA Order Managers. Multiple instances exist where clients maintain large numbers of connections or send large volumes.,Application Component Depiction,T,,Strategic,,JK Holdings,,,,,,,,,,,,,,,,,,,,,,Inhouse,,,,,,,6/13/2004,1/1/2019,16400,2500,0,2600,,,,,,,,,,,,,,,,,,Application Component,No info,Next supported version,,Keep,,,,,,,,,,12/10/2010,4/23/2014,8:59:51 AM,12:35:34 PM,SAXTUSR,LouV,6043e4ad-b90c-4063-8e73-0fbd7428ce31
MLPrime,Portal application for ML prime broker external users. Application has infrastructure that is part of another application with Sub App - MHS ID: Global Prime Broker Application 291,Application Component Depiction,T,,Strategic,,JK Holdings,,,,,,,,,,,,"""San Francisco""","""Java. .NET""
",,,,,,,,"""MLPRO Systems""",Inhouse,,,"""MLPRO Systems""
",,,,1/27/2006,12/23/2015,7400,1600,0,2500,,,,,,,,,,,,,,,,,,Application Component,No DR,Due for upgrade,,Upgrade/Replace,,,,,,,,,,12/10/2010,4/23/2014,8:59:32 AM,2:31:37 PM,SAXTUSR,LouV,fe0236cd-d39e-4690-8ef6-a7620634f207
MLPRO Systems,,Application Component Depiction,T,,,,,,,,,,,,,,,,"""San Francisco""",,,,,,,,"MLPrime
""MLReporter (IPB)""","""Financial Business Unit Reporting""",,,,"MLPrime
""MLReporter (IPB)""
",,,,,,,,,,,,,,,,,,,,,,,,,,,Application Component,"Full DR, tested",Due for upgrade,,Enhance,,,,,,,,,,4/20/2014,5/12/2014,1:06:25 PM,10:53:54 PM,LouV,LouV,d6d4a048-b282-495e-99f3-2cbb8c1f059c
MLReporter (IPB),"MLReporter generates client (and internal) reports (e.g. activity, positions, settlements) based on International Prime Broker data held in CTM and CBAR. Reports are distributed to IPB clients on a daily basis via GCOM",Application Component Depiction,T,,Strategic,,JK Holdings,,,,,,,,,,,,,"""Powerbuilder 7""
",,,,,,,,"""MLPRO Systems""",Inhouse,,,"""MLPRO Systems""
",,,,9/14/2005,10/11/2016,13100,3500,0,3600,,,,,,,,,,,,,,,,,,Application Component,No DR,Next supported version,,Enhance,,,,,,,,,,12/10/2010,4/23/2014,9:01:45 AM,12:36:24 PM,SAXTUSR,LouV,709edf7c-cf61-4285-85de-97d00279767e
MobilePush,,Application Component Depiction,T,,,,,,,,,,,,,,,,,,,,,,,,,"""Campaign Management""",,,,,,,,,,,,,,,,,,,,,,,,,,,,,,,Application Component,"Full DR, tested",Due for upgrade,,Enhance,,,,,,,,,,4/21/2014,5/14/2014,4:10:25 PM,12:12:36 PM,LouV,LouV,834f743f-6ceb-4940-ac80-5f9e34e21a8e
Monet Live,,Application Component Depiction,T,,,,,,,,,,,,,,,,,,,,,,,,,"""Customer Problem Management""",,,,,,,,,,,,,,,,,,,,,,,,,,,,,,,Application Component,No info,unknown,,Keep,,,,,,,,,,5/12/2014,5/12/2014,10:16:27 PM,10:36:52 PM,LouV,LouV,1bd93be2-e254-4b6d-a462-ac0336fc6ac6
mTic,"mTic is the next generation global tick capture system which will replace the current infrastructure. Tick capture is a highly mission critical component of the electronic trading platform which delivers real time and historical statistical data required for trading. The ticker plant must meet demands of a rapidly growing user base and their need for ever increasing amounts of data. The current tick capture system has many technical limitations, including a 32 bit single-threaded architecture running on older hardware. mTic will deliver a highly resilient and efficient 64 bit platform which will scale to meet growing demand.",Application Component Depiction,T,,Strategic,,JK Holdings,,,,,,,,,,,,"""New York""","""unix shell""
""Java""
""C/C++""

Java
Java
Java
Java
Java
Java",,,,,,,,,Inhouse,,,,,,,4/24/2006,5/5/2014,1200,4500,0,1700,,,,,,,,,,,,,,,,,,Application Component,"Full DR, tested",Next supported version,,Enhance,,,,,,,,,,12/16/2010,4/23/2014,9:27:05 AM,12:29:53 PM,SAXTUSR,LouV,a0772eae-0365-4b5b-9aa3-22430c5410aa
Odin,,Application Component Depiction,T,,,,,,,,,,,,,,,,,,,,,,,,,,,,,,,,,,,,,,,,,,,,,,,,,,,,,,,,Application Component,No info,unknown,,Keep,,,,,,,,,,5/12/2014,5/12/2014,10:23:52 PM,10:23:54 PM,LouV,LouV,40d01e7d-094e-4496-bde4-230dc2669887
OpenPro ERP Accounts Receivables,"Accounts Receivables Module for financials OpenPro ERP is a web based complete ERP software package that is using open architecture that is now enabled on IBM PureSystems. It includes Financials, Supply Chain Distribution, Customer Relationship Management, E-commerce, Work Flow, Knowledge base, Document Imaging and Manufacturing.",Application Component Depiction,T,,,,,,,,,,,,,,,,"""San Francisco""",,,,,,,,,,,,,"SmarterCommerce
",,,,,,,,,,,,,,,,,,,,,,,,,,,Application Component,"Full DR, tested",Due for upgrade,,Keep,,,,,,,,,,4/21/2014,4/23/2014,3:57:28 PM,2:31:36 PM,LouV,LouV,4951906c-6847-46d3-96df-178c8c11d9f6
Optima3 IMS,,Application Component Depiction,T,,,,,,,,,,,,,,,,,,,,,,,,,"""Content Management""",,,,,,,,,,,,,,,,,,,,,,,,,,,,,,,Application Component,No info,unknown,,Keep,,,,,,,,,,5/12/2014,5/12/2014,10:18:51 PM,10:39:46 PM,LouV,LouV,3168ffc8-51c9-4df0-b8f0-225ff0ac4b46
Order Router,Order Router maintains an order management connection between the QSA LEX and FLEX applications and the ETT plant,Application Component Depiction,T,,Tactical,,JK Holdings,,,,,,,,,,,,"""San Francisco""","""Java""

Java
Java
Java
Java
Java
Java",,,,,,,,,Inhouse,,,,,,,3/30/2010,2/18/2012,2500,800,0,200,,,,,,,,,,,,,,,,,,Application Component,No DR,Next supported version,,Keep,,,,,,,,,,12/10/2010,4/23/2014,8:59:55 AM,2:31:36 PM,SAXTUSR,LouV,d4017b4e-5566-4f55-a555-c57432d06663
Pace DW/Pace Reporting,Vendor product part of MLPRIME (GPB) application. Application has infrastructure that is part of another application with Sub App - MHS ID: Global Prime Broker Application 291,Application Component Depiction,T,,Heritage,,JK Holdings,,,,,,,,,,,,"""San Francisco""",,,,,,,,,,Inhouse,,,,,,,3/31/1971,8/15/2018,800,1500,0,1300,,,,,,,,,,,,,,,,,,Application Component,No DR,Next supported version,,Enhance,,,,,,,,,,12/10/2010,4/23/2014,8:57:55 AM,2:31:36 PM,SAXTUSR,LouV,1e309bc6-da57-4dc2-9109-d0e30d5785c3
Pairs Trading.,Pairs trading is an algorithmic trading engine for trading off the relative values of pairs (or more) of instruments.,Application Component Depiction,T,,Tactical,,JK Holdings,,,,,,,,,,,,"""San Francisco""","""C++ Server ""
""C# client""

""C++ Server""",,,,,,,,,Inhouse,,,,,,,4/1/2010,2/19/2012,5000,1600,0,700,,,,,,,,,,,,,,,,,,Application Component,"Full DR, tested",Due for upgrade,,Upgrade/Replace,,,,,,,,,,12/10/2010,4/23/2014,8:59:47 AM,2:31:36 PM,SAXTUSR,LouV,2367187a-680b-4962-a8e7-1acf8b9e5c13
Pamela,,Application Component Depiction,T,,,,,,,,,,,,,,,,,,,,,,,,,"""Customer Problem Management""",,,,,,,,,,,,,,,,,,,,,,,,,,,,,,,Application Component,No info,unknown,,Keep,,,,,,,,,,5/12/2014,5/12/2014,10:16:18 PM,10:36:53 PM,LouV,LouV,dc8e9264-d017-4188-9ab8-03b5b71ba858
Param Feeds,This is the collective name for the various aserver-side processes which automatically feed parameter data into EPX and RAM. These include:,Application Component Depiction,T,,Tactical,,JK Holdings,,,,,,,,,,,,"""New York""","""Java""

Java
Java
Java
Java
Java
Java",,,,,,,,,Inhouse,,,,,,,6/26/2010,9/27/2012,300,2100,0,300,,,,,,,,,,,,,,,,,,Application Component,"Full DR, tested",Due for upgrade,,Upgrade/Replace,,,,,,,,,,12/10/2010,4/23/2014,8:59:08 AM,12:23:07 PM,SAXTUSR,LouV,c9ed66fe-63ab-46d0-adbd-2136a005d638
Parameter Matrix,Parameter Matrix is a GUI which enables the comparison of volatilities acorss multiple underlyings. ,Application Component Depiction,T,,Heritage,,JK Europe,,,,,,,,,,,,"""San Francisco""","""C#""

C#
C#",,,,,,,,,Inhouse,,,,,,,7/31/1970,1/16/2012,4400,1500,0,500,,,,,,,,,,,,,,,,,,Application Component,No DR,Out of Support,,Retire,,,,,,,,,,12/10/2010,4/23/2014,8:59:02 AM,2:31:36 PM,SAXTUSR,LouV,22d52c39-7632-4a4d-a70c-54c5e9dcbf6c
Parameters Desktop,"This MELD GUI facilitates the visualisation and management of pricing parameters, namely volatility, dividends, rates, borrow costs, correlations, etc. This application is the strategic replacement for SVI Vision 3, Parameter Matrix, the dividends part of Basket Manager and several sreadsheets which are currently employed by the business for parameter management.",Application Component Depiction,T,,Strategic,,JK Holdings,,,,,,,,,,,,"""San Francisco""","""C#""

C#
C#",,,,,,,,,Inhouse,,,,,,,4/3/2005,11/21/2013,11800,7800,0,500,,,,,,,,,,,,,,,,,,Application Component,No DR,Due for upgrade,,Upgrade/Replace,,,,,,,,,,12/10/2010,4/23/2014,8:58:59 AM,2:31:36 PM,SAXTUSR,LouV,cc8add40-8add-41fc-b2a2-68a301b757c0
PARC (Price At Regional Close),"The Price at Regional Close (PARC) project intends to deliver a GLOBALLY uniform and consistent value for any asset, e.g: FX,Indices,Equities,Warrants,Futures,Bonds etc. This will give a single global source for all COB pricing used in the P/L marking processes.",Application Component Depiction,T,,Strategic,,JK Holdings,,,,,,,,,,,,,"""unix shell""
""java""

java
java",,,,,,,,,Inhouse,,,,,,,4/4/2004,11/18/2014,14800,3600,0,3900,,,,,,,,,,,,,,,,,,Application Component,No DR,Due for upgrade,,Enhance,,,,,,,,,,12/10/2010,4/23/2014,8:59:21 AM,12:21:25 PM,SAXTUSR,LouV,f1524628-261d-41f4-8db6-70adb642089d
Performance Database,"An operational data store for tracking performance, AUM, P/L of invested products across all our platforms.",Application Component Depiction,T,,Strategic,,JK Holdings,,,,,,,,,,,,"""San Francisco""","""Informatica""

Informatica
Informatica",,,,,,,,,Inhouse,,,,,,,2/8/2006,9/15/2012,22400,7400,0,200,,,,,,,,,,,,,,,,,,Application Component,"Full DR, tested",Next supported version,,Keep,,,,,,,,,,12/10/2010,4/23/2014,8:59:37 AM,2:31:36 PM,SAXTUSR,LouV,f14439c5-631c-4996-a52b-7ae3cf2cbbea
Pivotal,"A relationship management and workflow application that tracks information about, and interactions with, all our hedge fund managers, clients and partners .",Application Component Depiction,T,,Strategic,,JK Holdings,,,,,,,,,,,,,"""Visual Studio""
""Prop. Pivotal Tools""
",,,,,,,,,Inhouse,,,,,,,3/17/2004,4/11/2012,10000,100,0,700,,,,,,,,,,,,,,,,,,Application Component,"Full DR, tested",Out of Support,,Enhance,,,,,,,,,,12/10/2010,4/23/2014,8:58:01 AM,12:24:23 PM,SAXTUSR,LouV,9a94be8d-e74b-4300-a679-8029f120ab71
PLExplain,Interactive P&L and Risk Attribution for Equity Linked Products,Application Component Depiction,T,,Strategic,,JK Holdings,,,,,,,,,,,,,"""C#/.NET""
",,,,,,,,,Inhouse,,,,,,,3/4/2005,5/2/2019,10700,200,0,2700,,,,,,,,,,,,,,,,,,Application Component,No DR,Next supported version,,Enhance,,,,,,,,,,12/10/2010,4/23/2014,9:00:12 AM,12:21:57 PM,SAXTUSR,LouV,c6f6a8e2-505c-41a3-a894-963b31bb92d1
POET,"Portfolio Order Manager. Manages orders from the Global Portfolio systems (including EOM) and splits quantities of the baskets to Stealth, AXP or Fidessa",Application Component Depiction,T,,Strategic,,JK Holdings,,,,,,,,,,,,,,,,,,,,,,Inhouse,,,,,,,10/8/2004,4/15/2018,9700,3700,0,5500,,,,,,,,,,,,,,,,,,Application Component,"Full DR, tested",Due for upgrade,,Enhance,,,,,,,,,,12/10/2010,4/23/2014,9:00:09 AM,12:22:12 PM,SAXTUSR,LouV,31cf78ba-0a45-4b99-9bb1-8b0bc320c8ae
Position Keeping Engine,"Position Keeping Engine (PKE) is a high performance, robust and scalable data service that tracks inventory vis--vis Trading, Client and Inter-Company accounts for all Equity business functions.",Application Component Depiction,T,,Tactical,,JK Holdings,,,,,,,,,,,,,"""Java""

Java
Java
Java
Java
Java
Java",,,,,,,,,Inhouse,,,,,,,2/13/2011,9/3/2011,12000,400,0,800,,,,,,,,,,,,,,,,,,Application Component,"Full DR, tested",Due for upgrade,,Enhance,,,,,,,,,,12/10/2010,4/23/2014,9:00:26 AM,12:24:42 PM,SAXTUSR,LouV,3bf805c1-200e-49b4-bc7d-57247d27887b
Predictive Matching,The SX1 system is designed to extract and report information for the SX1 Tax return required for Manufactured Dividends for CAPS. Predictive matching estimates the charges for SX1,Application Component Depiction,T,,Strategic,,JK Aus,,,,,,,,,,,,,"""PowerBuilder""

PowerBuilder
""Dynamic / Server-Side Display""",,,,,,,,,Inhouse,,,,,,,3/12/2006,3/16/2014,18900,1400,0,1600,,,,,,,,,,,,,,,,,,Application Component,"Full DR, tested",Next supported version,,Enhance,,,,,,,,,,12/16/2010,4/23/2014,9:27:17 AM,12:25:12 PM,SAXTUSR,LouV,6cb80caa-bc5b-4a9c-930f-29d220a4d8e6
Pricing and Booking Tool,PBT automates pricing & booking of equity derivatives trades including: pricing and booking automation for flow products and delta trades; full pre-trade pricing platform for all marketer request-for-quotes and inter-dealer broker market quotes; pricing of forwards for all single stock and indicies.,Application Component Depiction,T,,Strategic,,JK Holdings,,,,,,,,,,,,,"""C#""

C#
C#",,,,,,,,,Inhouse,,,,,,,7/4/2004,1/4/2015,9600,7000,0,1200,,,,,,,,,,,,,,,,,,Application Component,"Full DR, tested",Due for upgrade,,Upgrade/Replace,,,,,,,,,,12/16/2010,4/23/2014,9:27:17 AM,12:25:31 PM,SAXTUSR,LouV,d3ec2e52-d78c-40a8-9ea4-a51c99f9c428
Product Service,The Product Service provides product definitions as well as construction of analytic objects (GDA Functors).,Application Component Depiction,T,,Tactical,,JK Holdings,,,,,,,,,,,,,"""Java""

Java
Java
Java
Java
Java
Java",,,,,,,,,Inhouse,,,,,,,7/11/2010,10/19/2011,4800,2700,0,700,,,,,,,,,,,,,,,,,,Application Component,No DR,unknown,,Upgrade/Replace,,,,,,,,,,12/10/2010,4/23/2014,8:58:57 AM,12:26:15 PM,SAXTUSR,LouV,c2c8120b-b9f2-4d52-9372-05e79463ee8f
Professional Trading Services Group Reporting Center,The PTSG Reporting Center is aimed for PTSG clients with the key report being the production of the net mark to market style P&L report.,Application Component Depiction,T,,Heritage,,JK Holdings,,,,,,,,,,,,,"""nHibernate""

nHibernate
nHibernate",,,,,,,,,Inhouse,,,,,,,6/24/1971,11/20/2017,600,200,0,200,,,,,,,,,,,,,,,,,,Application Component,No DR,Out of Support,,Enhance,,,,,,,,,,12/10/2010,4/23/2014,9:01:50 AM,12:26:36 PM,SAXTUSR,LouV,626fe58a-505a-4598-b909-c14da53f55ee
Q4 Wealth Management System,,Application Component Depiction,T,,,,,,,,,,,,,,,,,,,,,,,,,"""Reporting and Analysis""",,,,,,,,,,,,,,,,,,,,,,,,,,,,,,,Application Component,No info,unknown,,Retire,,,,,,,,,,5/12/2014,5/14/2014,10:25:48 PM,12:18:00 PM,LouV,LouV,47e333a9-eb29-4a0f-832c-f5df421c719f
"Quartz (WMM, SPMM & Delta1)","Quartz is the strategic application for the market making GELP products - Warrants, Structured Products and Delta1. It includes automated pricing of products, generation of synthetic prices for underlyings and a quoting engine.",Application Component Depiction,T,,Strategic,,JK Aus,,,,,,,,,,,,,"""Eclipse (Java""
",,,,,,,,,Quartz,,,,,,,8/18/2004,10/20/2018,4500,4400,0,800,,,,,,,,,,,,,,,,,,Application Component,"Full DR, tested",Out of Support,,Keep,,,,,,,,,,12/16/2010,4/23/2014,9:27:20 AM,12:26:57 PM,SAXTUSR,LouV,d8baf16b-b41b-477f-8ced-f3f6c7dd27b1
QuikBook,Quick book systems for accountancy,Application Component Depiction,T,,Heritage,,JK Holdings,,,,,,,"""Get Current Account Status Report""",,,,,"""Hong Kong""","""Windows 2000""
""Thin Client""
","""Credit Management Service Manager""
""Product Manager""
""Chief Executive Officer""
""Chief Financial Officer""
""Chief Information Officer""
",,,,,,,,"""Delat Accounts""",,,,,,,12/31/2009,12/31/2013,300,1400,0,300,Accounts,,,,,,,,,,,,,,,,,Application Component,No DR,Due for upgrade,,Enhance,,,,,,,,,,1/26/2010,4/23/2014,5:11:31 PM,12:27:15 PM,SAXTUSR,LouV,defdd50e-7565-41ee-b962-d17c61a1196f
RAM,RAM (Risk Analysis & Margin) allows business to store trade details into a central repository to allow trading desks to manage their risks on their derivative positions and also manage post trade requirements for the booked derivatives (e.g. transaction reporting etc.),Application Component Depiction,T,,Strategic,,JK Holdings,,,,,,,,,,,,,"""Java""

Java
Java
Java
Java
Java
Java",,,,,,,,"""Content Management""",Inhouse,,,,,,,6/25/2004,2/5/2017,8700,600,0,1600,,,,,,,,,,,,,,,,,,Application Component,"Full DR, tested",Due for upgrade,,Keep,,,,,,,,,,12/10/2010,5/12/2014,8:58:03 AM,10:39:46 PM,SAXTUSR,LouV,d3504b10-f722-480b-a08f-05516f69cc2d
Release Instructions (for) Stock and Cash,RISC provides a web based UI to allow the Margin team to authorise or reject the payment of stock or cash for International Prime Brokerage based on the client's real time margin.,Application Component Depiction,T,,Strategic,,JK Holdings,,,,,"""Credit Controller""
""Cross Services Manager""
""Financial Advisor""",,,,,,,"""San Francisco""","""VS 2003""
""JavaScript (clientside)""
""Infragistics""
""IIS 6.0""
""ASP 1.1""

Infragistics",,,,,,,,,Inhouse,,,,,,,3/21/2005,5/21/2017,15400,3800,0,4400,,,,,,,,,,,,,,,,,,Application Component,No DR,Due for upgrade,,Enhance,,,,,,,,,,12/10/2010,4/23/2014,8:58:06 AM,12:28:45 PM,SAXTUSR,LouV,512ff968-a6e3-4f73-bc7f-7cf1f07d3756
RMS,,Application Component Depiction,T,,,,,,,,,,,,,,,,"""San Francisco""",,,,,,,,,"""Manage Checking Accounts""
""Savings Account Management""",,,,"""Customer ODS""
",,,,,,,,,,,,,,,,,,,,,,,,,,,Application Component,"Full DR, tested",Next supported version,,Enhance,,,,,,,,,,4/21/2014,5/12/2014,5:39:56 PM,10:47:52 PM,LouV,LouV,aeb027bd-416e-4b0f-bdb7-f57370c55784
S1,"S1 is the new Swaps Booking platform intended to replace some of the more dated RAM DealingApp Add-In tools. S1 provides a front end for swaps in RAM, and is conformant with the notion to consolidate the historic TRS and PS models into a single Unified Swap Model (USM). In addition to being a booking tool, S1 also encompasses additional tools which can be used to manage the swaps, such as a P/L Viewer, a vast client profile database, swap editor and a delta explorer. S1 will also offer a reset service, this is planned for 2009 at present.",Application Component Depiction,T,,Strategic,,JK Holdings Japan,,,,,,,,,,,,"""San Francisco""","""C#""

C#
C#",,,,,,,,,Inhouse,,,,,,,2/26/2006,2/16/2015,600,3400,0,100,,,,,,,,,,,,,,,,,,Application Component,"Full DR, tested",Due for upgrade,,Retire,,,,,,,,,,12/10/2010,4/23/2014,8:58:21 AM,12:29:10 PM,SAXTUSR,LouV,751ee1fb-5006-4d49-b6a2-215f0241dc64
salesforce,,Application Component Depiction,T,,,,,,,,,,,,,,,,,,,,,,,,,"""Direct Sales Force""",,,,,,,,,,,,,,,,,,,,,,,,,,,,,,,Application Component,No info,unknown,,Keep,,,,,,,,,,5/12/2014,5/12/2014,10:26:07 PM,10:55:40 PM,LouV,LouV,cc57b0cc-adf2-4867-8073-17357d1af289
SAP,,Application Component Depiction,T,,,,,,,,,,,,,,,,,,,,,,,,,,,,,"AMDOCS
TwoCans
SoftImage
WalDOC
""Watson Engagement Advisor""
SunGard
""Smart Order Routing (SORT)""
",,,,,,,,,,,,,,,,,,,,,,,,,,,Application Component,"Full DR, tested",Next supported version,,Keep,,,,,,,,,,4/21/2014,4/23/2014,4:11:36 PM,12:29:32 PM,LouV,LouV,60d0aac3-05ee-4347-8206-46daed424329
SimplicityCollect,,Application Component Depiction,T,,,,,,,,,,,,,,,,,,,,,,,,,"""General Ledger Account Reconciliation""",,,,,,,,,,,,,,,,,,,,,,,,,,,,,,,Application Component,No info,unknown,,Keep,,,,,,,,,,5/12/2014,5/12/2014,10:07:16 PM,10:33:13 PM,LouV,LouV,a3461760-7be9-47a7-9d49-423acd696679
Smart Order Routing (SORT),SORT connects to multiple liquidity destinations and routes electronic orders to the best price available across venues. SORT takes pricing information (including super-book) from MaMa and is a client of MLXN,Application Component Depiction,T,,Strategic,,JK USA,,,,,,,,,,,,,"""C++""
",,,,,,,,,Inhouse,,,"SAP
",,,,1/13/2005,3/12/2018,13200,4900,0,2700,,,,,,,,,,,,,,,,,,Application Component,No DR,Next supported version,,Enhance,,,,,,,,,,12/10/2010,4/23/2014,8:59:56 AM,12:16:43 PM,SAXTUSR,LouV,77015e19-38b0-40da-a76b-54708bc865f2
SmarterCommerce,,Application Component Depiction,T,,,,,,,,,,,,,,,,,,,,,,,,,"""Account Management""",,,,"""Clearing List""
GOLedger
""OpenPro ERP Accounts Receivables""
""Active Risk Manager""
",,,,,,,,,,,,,,,,,,,,,,,,,,,Application Component,No DR,Next supported version,,Keep,,,,,,,,,,4/21/2014,4/23/2014,3:57:57 PM,12:17:05 PM,LouV,LouV,bd32d193-3cba-4cc7-9ea1-7c622d3e54cb
SNL Banker,,Application Component Depiction,T,,,,,,,,,,,,,,,,,,,,,,,,,"""Reporting and Analysis""",,,,,,,,,,,,,,,,,,,,,,,,,,,,,,,Application Component,No info,unknown,,Retire,,,,,,,,,,5/12/2014,5/14/2014,10:25:57 PM,12:17:02 PM,LouV,LouV,27dbc3cf-414d-4003-9c9f-30b23e147ee9
Soft4CreditUnion,,Application Component Depiction,T,,,,,,,,,,,,,,,,,,,,,,,,,"""Financial Business Unit Reporting""",,,,,,,,,,,,,,,,,,,,,,,,,,,,,,,Application Component,No info,unknown,,Retire,,,,,,,,,,5/12/2014,5/14/2014,10:25:12 PM,12:12:50 PM,LouV,LouV,3c781e94-3c3d-4755-be7f-19f0f6ec680f
SoftImage,Image document management system,Application Component Depiction,T,,Heritage,,JK Holdings,,,,,,,"""Archive Image""",,,,,Dallas,,"""Chief Operations Officer""
""Human Resources Director""
",,,,,,,,eDocs,,,"SAP
",,,,,,13400,4500,0,900,,,,,,,,,,,,,,,,,,Application Component,"Full DR, tested",Next supported version,,Enhance,,,,,,,,,,1/26/2010,4/23/2014,5:08:48 PM,12:19:33 PM,SAXTUSR,LouV,e12adbe8-2589-4c44-a762-323efbfe06d5
Spain CME System,"Multi product front to back application aimed to comply with Spanish financial regulation for ML businesses sited in Spain. It covers standing data, spanish market connection, order routing, book and records, settlement, corporate actions, portfolio management, general ledger, regulatory reporting and tax reporting.",Application Component Depiction,T,,Strategic,,JK USA,,,,,,,,,,,,,"""PowerBuilder""

PowerBuilder",,,,,,,,,Inhouse,,,,,,,8/21/2005,1/26/2011,4200,3400,0,1400,,,,,,,,,,,,,,,,,,Application Component,"Full DR, tested",Out of Support,,Keep,,,,,,,,,,12/10/2010,4/23/2014,8:57:24 AM,12:19:07 PM,SAXTUSR,LouV,2400c931-66de-4f26-8275-5cfd70e89566
STR,"Strategic Transaction Reporting service - developed as part of MiFID to provide the long-term strategic interface to the European regulators. Designed using SOA and TIBCO to integrate with GTM framework, and be highly scalable.",Application Component Depiction,T,,Strategic,,JK Holdings,,,,,,,,,,,,,,,,,,,,,,Inhouse,,,,,,,10/5/2005,8/14/2014,20500,3200,0,300,,,,,,,,,,,,,,,,,,Application Component,No info,unknown,,Keep,,,,,,,,,,12/10/2010,6/8/2011,9:04:23 AM,11:26:20 AM,SAXTUSR,SAXTUSR,9ec366ad-5d8e-4d01-96fe-d2e74643c53a
SunGard,Business Continuity and Management systems. Used to provide business resilience systems.,Application Component Depiction,T,,Heritage,,JK Holdings,,,,,,,"""Update Risk""",,,,,"""New York""
London
Dallas","""AT&T NetClient""
""Cisco Access Points""
""Desk Top""
Eclipse
FireFox
""Internet Explorer""
""Jazz.net""
Java
""Thin Client""
","""Chief Operations Officer""
""Chief Information Officer""
""Chief Financial Officer""
""Chief Executive Officer""
""Human Resources Director""
""Product Manager""
",,,,,,,,eDocs,,,"Cyclops
SAP
",,,,,,8500,2600,0,300,,,,,,,,,,,,,,,,,,Application Component,No DR,Due for upgrade,,Keep,,,,,,,,,,1/26/2010,4/23/2014,5:13:45 PM,12:18:36 PM,SAXTUSR,LouV,ec03e0f5-047e-4431-8370-efcc315ea866
SVI Vision  3 - Medium,Sub Viable Investments - version 3 - ,Application Component Depiction,T,,Heritage,,JK Holdings Italy,,,,,,,,,,,,,,,,,,,,,,Inhouse,,,,,,,,,4500,500,0,1100,,,,,,,,,,,,,,,,,,Application Component,No DR,Next supported version,,Enhance,,,,,,,,,,12/17/2010,4/23/2014,5:20:42 AM,12:10:27 PM,SAXTUSR,LouV,d0be4034-220a-4bb7-b857-d760761d9648
SX1,The SX1 system is designed to extract and report information for the SX1 Tax return required for Manufactured Dividends for CAPS,Application Component Depiction,T,,Tactical,,JK USA,,,,,,,,,,,,,"""PowerBuilder""

PowerBuilder",,,,,,,,,Oracle,,,,,,,3/14/2012,4/10/2012,2600,200,0,1000,,,,,,,,,,,,,,,,,,Application Component,No DR,Next supported version,,Keep,,,,,,,,,,12/16/2010,4/23/2014,9:27:27 AM,12:20:04 PM,SAXTUSR,LouV,150af52d-0dcd-4b80-be6b-bf74b0a690e1
System Architect,,Application Component Depiction,T,,,,,,,,,,,,,,,,Milwaukee,,,,,,,,,"""Enterprise Architecture""
""Product Strategy/Proposition Management""",,,,,,,,,,,,,,,,,,,,,,,,,,,,,,,Application Component,"Full DR, tested",Next supported version,,Keep,,,,,,,,,,4/23/2014,4/23/2014,1:57:46 PM,2:35:10 PM,LouV,LouV,d2397873-a86a-4b08-8011-450bd7187c19
System Integrity Console (SINC),System Integrity Console (SINC),Application Component Depiction,T,,Tactical,,JK USA,,,,,,,,,,,,,"""Java""

Java
Java
Java
Java
Java
Java",,,,,,,,,HP,,,,,,,5/5/2011,11/4/2011,1700,200,0,400,,,,,,,,,,,,,,,,,,Application Component,No DR,Next supported version,,Upgrade/Replace,,,,,,,,,,12/10/2010,4/23/2014,9:03:12 AM,12:18:09 PM,SAXTUSR,LouV,2712af71-f792-4d44-832e-316e7265c353
Taurus,Conversion layer from IPF (Intermediary Product Format) format to GDA (Global Derivatives Analytics) functor format (functor generator),Application Component Depiction,T,,Tactical,,JK Europe,,,,,,,,,,,,,"""C++""

""Authentication / Single Sign-on (SSO)""",,,,,,,,,Taurus,,,,,,,2/27/2011,9/6/2011,1300,2300,0,600,,,,,,,,,,,,,,,,,,Application Component,"Full DR, tested",Next supported version,,Retire,,,,,,,,,,12/10/2010,4/23/2014,9:00:53 AM,12:17:25 PM,SAXTUSR,LouV,0ff06a63-17ab-4012-97a0-25c03b74ee41
TeaLeaf csImpact,,Application Component Depiction,T,,,,,,,,,,,,,,,,,,,,,,,,,"""Campaign Management""",,,,,,,,,,,,,,,,,,,,,,,,,,,,,,,Application Component,No DR,Next supported version,,Keep,,,,,,,,,,4/21/2014,4/23/2014,4:10:55 PM,1:57:10 PM,LouV,LouV,694d8795-a59b-4547-82af-af5ebf4bc96f
TeaLeaf cxConnect WebAnalytics,,Application Component Depiction,T,,,,,,,,,,,,,,,,,,,,,,,,,"""Campaign Management""",,,,,,,,,,,,,,,,,,,,,,,,,,,,,,,Application Component,"Full DR, tested",Next supported version,,Keep,,,,,,,,,,4/21/2014,4/23/2014,4:11:15 PM,1:56:58 PM,LouV,LouV,9243436c-0775-4a46-856d-32e6095f5b8a
TellerGraph,,Application Component Depiction,T,,,,,,,,,,,,,,,,,,,,,,,,,,,,,,,,,,,,,,,,,,,,,,,,,,,,,,,,Application Component,No info,unknown,,Keep,,,,,,,,,,5/12/2014,5/12/2014,10:16:00 PM,10:16:03 PM,LouV,LouV,cbea5e6f-ba8d-4663-bcf0-9cd32c96e1cd
TESS,"TESS is an EMEA Transaction Manager for Equities and Equity Linked products, which receives feeds from several Trading and Front Office Systems. It performs functions such as Enrichment, Figuration, Netting, Confirmation, Matching, and Routing to Settlement Factories, Books and Records, MIS systems and other Transaction Managers. The main types of Equities transactions that TESS can process are Principle and Agency Trades, Stock Loans, Corporate Actions, FX Trades, Conversions and Internal Transfers.",Application Component Depiction,T,,Strategic,,JK USA,,,,,"""Business Analyst""
""Financial Advisor""
""Business Strategist""
""Market Management""
""Financial Strategist""",,,,,,,,"""Pro*C""
""PL*SQL""
""Gupta SQLWindows (Team Developer)""
""C""

C
C
""Authentication / Single Sign-on (SSO)""",,,,,,,,,Taurus,,,,,,,8/17/2004,1/6/2016,11100,5500,0,400,,,,,,,,,,,,,,,,,,Application Component,"Full DR, tested",Next supported version,,Keep,,,,,,,,,,12/16/2010,4/23/2014,9:27:30 AM,12:17:50 PM,SAXTUSR,LouV,997fa36d-b07b-4e62-96d6-d4c9ec2af7eb
The Margin System (TMS),"TMS (The Margin System) calculates the house margin policy for IPB clients using a strategy based methodology. The application cross-margins equity, debt, and deriviatives for Prime Brokerage clients. EMEA",Application Component Depiction,T,,Strategic,,JK Holdings,,,,,,,,,,,,,"""Visual Basic 6""
""IBM Websphere Developer""
""Crystal Reports 8.5""
""C#""
"".Net""

C#
C#",,,,,,,,,Inhouse,,,,,,,9/19/2006,11/25/2015,20900,8700,0,300,,,,,,,,,,,,,,,,,,Application Component,No DR,Due for upgrade,,Enhance,,,,,,,,,,12/10/2010,4/23/2014,9:02:49 AM,12:15:44 PM,SAXTUSR,LouV,f36ffc70-bc88-407c-b069-67f5d945a2f2
Ticking Risk,Legacy application This application presents risk metrics.,Application Component Depiction,T,,Heritage,,JK Holdings,,,,,,,,,,,,,C#,,,,,,,,,Inhouse,,,,,,,5/31/1972,8/1/2014,500,100,0,0,,,,,,,,,,,,,,,,,,Application Component,"Full DR, tested",Next supported version,,Keep,,,,,,,,,,12/10/2010,4/23/2014,9:02:14 AM,12:15:27 PM,SAXTUSR,LouV,cda3bf0d-cdd9-42f2-aa07-a39b8327e58a
Tracker,Trade tracker and ticker viewing application,Application Component Depiction,T,,Heritage,,JK Holdings,,,,,,,,,,,,,"""Customer Information Control System""
""AT&T NetClient""
""Desk Top""
Eclipse
FireFox
""Internet Explorer""
""Windows 2000""
""Thin Client""
""Windows Vista""
""Windows XP""",Customer,,,,,,,,RUPTA,,,,,,,12/31/2009,12/31/2012,5600,1500,0,1100,"""Commercial Management""",,,,,,,,,,,,,,,,,Application Component,No info,unknown,,Keep,,,,,,,,,,2/11/2010,4/21/2014,11:29:20 AM,6:12:55 PM,SAXTUSR,LouV,a9d3bdca-aa26-42e0-8a9c-019131b4953e
Trades History,The Trades History system is a historic repository for all XTAS trades,Application Component Depiction,T,,Heritage,,JK Holdings,,,,,,,,,,,,,"""Sybase""
""shell scripts""
""C""

C
Sybase
C
Sybase",,,,,,,,,Inhouse,,,,,,,10/2/1972,10/23/2015,2800,1000,0,500,,,,,,,,,,,,,,,,,,Application Component,No DR,Due for upgrade,,Enhance,,,,,,,,,,12/16/2010,4/23/2014,9:27:34 AM,12:15:10 PM,SAXTUSR,LouV,8396c62b-be1f-4948-8eb3-6b596ecb99fd
TrakPointe,,Application Component Depiction,T,,,,,,,,,,,,,,,,,,,,,,,,,"""Financial Business Unit Reporting""",,,,,,,,,,,,,,,,,,,,,,,,,,,,,,,Application Component,No info,unknown,,Keep,,,,,,,,,,5/12/2014,5/12/2014,10:25:01 PM,10:55:01 PM,LouV,LouV,64a1c918-28cf-460b-a85a-d9acae032b3a
TreLIS,Trelis is a Back office application used by Cash Management department to transfer funds from one bank account to other.,Application Component Depiction,T,,Heritage,,JK Holdings,,,,,"""Contracts Manager""
""Credit Controller""
""Cross Services Manager""
""Operations Management""",,,,,,,,"""VB6""

VB6
VB6",,,,,,,,,Inhouse,,,,,,,10/4/1971,12/19/2017,24200,9300,0,3900,,,,,,,,,,,,,,,,,,Application Component,Partial DR,Next supported version,,Keep,,,,,,,,,,12/16/2010,4/23/2014,9:27:35 AM,12:14:50 PM,SAXTUSR,LouV,c21793ca-3aa4-4707-ae82-4da2fd12eae0
TwoCans,"Account Management app, used on a local basis",Application Component Depiction,T,,Heritage,,JK Holdings,,,,,,,"""Update Web Content""",,,,,"Milwaukee
Dallas
","""AT&T NetClient""
""Cisco Access Points""
FireFox
Eclipse
""Desk Top""
""Internet Explorer""
Java
""Thin Client""

""Authentication / Single Sign-on (SSO)""","""Human Resources Director""
""Marketing Manager""
""Chief Operations Officer""
""Sales Manager""
""Product Manager""
""Chief Information Officer""
""Chief Financial Officer""
""Chief Executive Officer""
",,,,,,,,"""Delat Accounts""",,,"SAP
",,,,12/31/2009,12/31/2012,5900,1100,0,800,"""Commercial Management""",,,,,,,,,,,,,,,,,Application Component,No DR,Next supported version,,Upgrade/Replace,,,,,,,,,,1/26/2010,4/23/2014,5:12:44 PM,12:14:32 PM,SAXTUSR,LouV,0e3f6ea3-063c-4d5c-8ad8-0465579911ac
UNITY,Global trade repository database and order flow repository.,Application Component Depiction,T,,Heritage,,JK Holdings,,,,,,,,,,,,,"""unix shell""
""SQL""
""PL/SQL""
""PERL""
""Java""

Java
Java
Java
PERL
SQL
Java
Java
Java
PERL
SQL",,,,,,,,,Inhouse,,,,,,,12/10/1970,7/18/2014,11900,900,0,1100,,,,,,,,,,,,,,,,,,Application Component,No DR,Due for upgrade,,Enhance,,,,,,,,,,12/16/2010,4/23/2014,9:27:37 AM,12:14:14 PM,SAXTUSR,LouV,459106a4-c66d-44b9-8ed4-a040fdcbefcf
Unity Loan System,,Application Component Depiction,T,,,,,,,,,,,,,,,,,,,,,,,,,"""Loan Processing""",,,,,,,,,,,,,,,,,,,,,,,,,,,,,,,Application Component,No info,unknown,,Keep,,,,,,,,,,5/12/2014,5/12/2014,10:17:24 PM,10:39:22 PM,LouV,LouV,70b24db4-07c7-4514-b028-131ae3268777
URSA,URSA (Unified Reporting Services Architecture) is a web based application that provides a common reporting platform across Core Infrastructure systems.,Application Component Depiction,T,,Strategic,,JK Holdings,,,,,,,,,,,,,,,,,,,,,,Inhouse,,,,,,,4/13/2005,4/7/2011,12300,6300,0,3900,,,,,,,,,,,,,,,,,,Application Component,"Full DR, tested",Next supported version,,Keep,,,,,,,,,,12/16/2010,4/23/2014,9:27:38 AM,12:13:52 PM,SAXTUSR,LouV,29a93f70-0353-4bc7-bcbf-bf9666aa9fbf
US Pipeline,"Suite of applications that generate that generate cleaned, derived option prices and subsequently calculate implied volatilities and fit related fits. Finally, graphs and tables of this data are presented on a website.",Application Component Depiction,T,,Heritage,,JK Holdings,,,,,,,,,,,,Dallas,"""Java""

Java
Java
Java
Java
Java
Java",,,,,,,,,Inhouse,,,,,,,11/21/1971,2/10/2017,23400,8400,0,5000,,,,,,,,,,,,,,,,,,Application Component,No DR,Out of Support,,Retire,,,,,,,,,,12/10/2010,4/23/2014,8:59:16 AM,2:33:32 PM,SAXTUSR,LouV,c5696dff-3ae0-465b-a92d-b9337a250f27
Volatility Management,This strategic initiative is to provide automated volatility surface generation. This includes:,Application Component Depiction,T,,Strategic,,JK Holdings,,,,,,,,,,,,Dallas,"""Java""

Java
Java
Java
Oracle
Java
Java
Java",,,,,,,,,Inhouse,,,,,,,9/19/2005,6/15/2018,5900,2800,0,700,,,,,,,,,,,,,,,,,,Application Component,Partial DR,Next supported version,,Upgrade/Replace,,,,,,,,,,12/10/2010,4/23/2014,8:59:06 AM,2:33:30 PM,SAXTUSR,LouV,ea60be05-062c-4ca1-aa2e-ffd80090222b
Walrus,"C++ library to load deal and product data from RAM, market data from either RAM or DDS",Application Component Depiction,T,,Tactical,,JK Europe,,,,,,,,,,,,Dallas,"""C++""
",,,,,,,,,Walrus,,,,,,,8/21/2010,5/19/2012,7200,1400,0,1100,,,,,,,,,,,,,,,,,,Application Component,No DR,Next supported version,,Enhance,,,,,,,,,,12/10/2010,4/23/2014,9:00:52 AM,2:33:31 PM,SAXTUSR,LouV,997d6df4-e850-4961-9ef5-7d85d286d2bb
Watson Engagement Advisor,,Application Component Depiction,T,,,,,,,,,,,,,,,,Dallas,,,,,,,,,,,,,"SAP
""Websphere Customer Center""
",,,,,,,,,,,,,,,,,,,,,,,,,,,Application Component,"Full DR, tested",Next supported version,,Enhance,,,,,,,,,,4/21/2014,4/23/2014,4:43:33 PM,2:33:31 PM,LouV,LouV,5f6fe4b0-447d-45e9-9e50-3879f3148bad
WebAR,,Application Component Depiction,T,,,,,,,,,,,,,,,,,,,,,,,,,"""General Ledger Account Reconciliation""",,,,,,,,,,,,,,,,,,,,,,,,,,,,,,,Application Component,No info,unknown,,Enhance,,,,,,,,,,5/12/2014,5/14/2014,10:06:54 PM,12:18:53 PM,LouV,LouV,1e7f6e4f-5595-40a0-9188-528f6d2368c2
Websphere Customer Center,,Application Component Depiction,T,,,,,,,,,,,,,,,,Dallas,,,,,,,,,"""Customer Problem Lifecycle Management""
""Customer Problem Management""",,,,"""Watson Engagement Advisor""
""Active Risk Manager""
",,,,,,,,,,,,,,,,,,,,,,,,,,,Application Component,"Full DR, tested",Due for upgrade,,Enhance,,,,,,,,,,4/21/2014,4/23/2014,5:39:35 PM,2:33:31 PM,LouV,LouV,be86735e-d748-49c6-844f-4633cb7f91c2
Wincollect,,Application Component Depiction,T,,,,,,,,,,,,,,,,,,,,,,,,,"""General Ledger Account Reconciliation""",,,,,,,,,,,,,,,,,,,,,,,,,,,,,,,Application Component,No info,unknown,,Keep,,,,,,,,,,5/12/2014,5/12/2014,10:07:05 PM,10:33:14 PM,LouV,LouV,24e38fa7-cdb1-459b-8b93-92c68773f996
Workflow Blotter,Provide Order management function to Delta-one products trading in Pacific Rim regions,Application Component Depiction,T,,Tactical,,JK Europe,,,,,,,,,,,,Dallas,"""Oracle""
""Java""
""C#""

C#
Java
Java
Java
Oracle
Oracle
C#
Java
Java
Java
Oracle
Oracle",,,,,,,,,Inhouse,,,,,,,6/4/2010,4/19/2011,200,1600,0,400,,,,,,,,,,,,,,,,,,Application Component,No DR,Due for upgrade,,Upgrade/Replace,,,,,,,,,,12/16/2010,4/23/2014,9:27:42 AM,2:33:31 PM,SAXTUSR,LouV,26ec78a4-935a-4eb6-b70a-3fbf52bb6896
X-Direct Order Manager,"The XD Order Manager routes orders inbound to the Direct Market Access flow, applying client and order validation, and routing to a number of Market Access components downstream.",Application Component Depiction,T,,Heritage,,JK Holdings,,,,,"""Business Analyst""
""Business Development Manager""
""Cross Services Manager""",,,,,,,Dallas,"""Java""

Java
Java
Java
Java
Java
Java",,,,,,,,,Inhouse,,,,,,,10/23/1972,4/3/2015,1600,2600,0,400,,,,,,,,,,,,,,,,,,Application Component,"Full DR, tested",Due for upgrade,,Upgrade/Replace,,,,,,,,,,12/10/2010,4/23/2014,8:59:48 AM,2:33:31 PM,SAXTUSR,LouV,6d921358-eea5-44f8-bfd0-fe37f0494937
